,Date,Open,High,Low,Close,Volume,Change
0,2016-12-15,980,1274,980,1274,10855724,
1,2016-12-16,1490,1654,1374,1654,38712274,0.2982731554160125
2,2016-12-19,1734,1791,1590,1688,14020503,0.02055622732769047
3,2016-12-20,1917,1937,1597,1601,16574050,-0.05154028436018954
4,2016-12-21,1580,1590,1474,1588,7228228,-0.008119925046845666
5,2016-12-22,1721,2061,1714,2061,21339790,0.29785894206549113
6,2016-12-23,2181,2217,1971,2065,23962314,0.0019408054342551218
7,2016-12-26,2111,2534,2001,2331,27994920,0.12881355932203387
8,2016-12-27,2384,2721,2311,2508,25226152,0.07593307593307586
9,2016-12-28,2421,2538,2334,2501,5414057,-0.002791068580542233
10,2016-12-29,2534,2534,2401,2401,2518284,-0.03998400639744104
11,2017-01-02,2381,2428,2194,2258,2485116,-0.05955851728446482
12,2017-01-03,2258,2494,2167,2395,5573553,0.060673162090345345
13,2017-01-04,2408,2408,2268,2318,1990673,-0.0321503131524008
14,2017-01-05,2294,2311,2221,2225,1290411,-0.04012079378774802
15,2017-01-06,2194,2368,2167,2241,1929878,0.007191011235955003
16,2017-01-09,2224,2428,2214,2378,2751966,0.06113342257920573
17,2017-01-10,2398,2448,2321,2448,2135913,0.029436501261564274
18,2017-01-11,2421,2554,2398,2511,2867193,0.025735294117646967
19,2017-01-12,2461,2514,2411,2515,1973225,0.0015929908403027326
20,2017-01-13,2451,2511,2421,2495,1863602,-0.007952286282306154
21,2017-01-16,2444,2588,2364,2521,3185536,0.010420841683366655
22,2017-01-17,2811,2928,2451,2461,6165834,-0.023800079333597735
23,2017-01-18,2468,2514,2314,2395,1875152,-0.026818366517675774
24,2017-01-19,2408,2471,2341,2341,1316410,-0.022546972860125303
25,2017-01-20,2304,2344,2217,2265,1055620,-0.03246475865014953
26,2017-01-23,2271,2351,2167,2168,817474,-0.04282560706401761
27,2017-01-24,2134,2161,1984,2041,1515389,-0.058579335793357945
28,2017-01-25,2021,2031,1844,1874,1859629,-0.0818226359627634
29,2017-01-26,1914,2037,1867,1934,2932320,0.03201707577374591
30,2017-01-31,1931,1997,1877,1881,837981,-0.027404343329886283
31,2017-02-01,1871,1957,1871,1898,950829,0.009037745879851178
32,2017-02-02,1834,1844,1677,1678,1114769,-0.1159114857744995
33,2017-02-03,1757,2177,1757,2178,11917930,0.29797377830750893
34,2017-02-06,2177,2271,2131,2251,9255968,0.03351698806244263
35,2017-02-07,2284,2318,2181,2318,4989804,0.029764549089293713
36,2017-02-08,2621,2848,2438,2481,24591042,0.07031924072476281
37,2017-02-09,2421,2714,2378,2575,12163070,0.037887948407899996
38,2017-02-10,2494,2558,2351,2388,3683684,-0.07262135922330093
39,2017-02-13,2504,2521,2334,2341,2439974,-0.01968174204355111
40,2017-02-14,2358,2534,2264,2535,2989870,0.08287056813327642
41,2017-02-15,2488,2554,2394,2535,3235283,0.0
42,2017-02-16,2461,3235,2448,2968,28594131,0.17080867850098613
43,2017-02-17,2881,3045,2808,2918,7727561,-0.016846361185983816
44,2017-02-20,2865,3115,2851,3102,6804707,0.06305688827964362
45,2017-02-21,2985,3101,2891,3062,5231924,-0.012894906511927817
46,2017-02-22,3021,3495,2935,3002,29287164,-0.019595035924232507
47,2017-02-23,3001,3335,2985,3072,14511139,0.023317788141239193
48,2017-02-24,3185,3288,3001,3002,7083594,-0.02278645833333337
49,2017-02-27,2891,2958,2738,2822,4135136,-0.059960026648900766
50,2017-02-28,2774,2971,2674,2675,4304189,-0.05209071580439406
51,2017-03-02,2724,2734,2544,2602,2351227,-0.02728971962616822
52,2017-03-03,2614,2648,2391,2408,1948680,-0.07455803228285929
53,2017-03-06,2384,2861,2341,2698,11469892,0.12043189368770757
54,2017-03-07,2641,2848,2594,2742,4025835,0.01630837657524098
55,2017-03-08,2764,2975,2764,2805,6817367,0.02297592997811826
56,2017-03-09,2845,2891,2618,2678,2291645,-0.045276292335115875
57,2017-03-10,2678,3271,2408,2935,14717218,0.09596713965646009
58,2017-03-13,3141,3355,3081,3189,13725484,0.08654173764906292
59,2017-03-14,3198,4022,3168,3962,23320729,0.24239573534023195
60,2017-03-15,4109,4215,3702,3962,10820248,0.0
61,2017-03-16,4022,4536,3902,4042,13259589,0.020191822311963703
62,2017-03-17,4115,4322,3908,4082,6469670,0.009896091044037547
63,2017-03-20,4375,4402,4002,4156,4853513,0.01812836844683985
64,2017-03-21,4109,4162,3995,4062,2136005,-0.022617901828681397
65,2017-03-22,3955,4035,3722,3782,2934840,-0.06893156080748397
66,2017-03-23,3908,3929,3588,3722,2315953,-0.015864621893178166
67,2017-03-24,3675,4029,3662,3736,3765903,0.0037614185921548415
68,2017-03-27,3662,3989,3548,3729,2886627,-0.0018736616702355047
69,2017-03-28,3875,4135,3802,4016,6206254,0.07696433360150179
70,2017-03-29,4122,4202,3942,3989,2846753,-0.006723107569721165
71,2017-03-30,3955,4122,3915,4089,2160441,0.0250689395838557
72,2017-03-31,4035,4129,4002,4056,1767604,-0.00807043286867204
73,2017-04-03,4102,4275,4042,4156,3286770,0.024654832347140054
74,2017-04-04,4129,4149,3535,3535,2499932,-0.1494225216554379
75,2017-04-05,3515,3862,3361,3615,2379879,0.022630834512022524
76,2017-04-06,3642,3755,3368,3382,1533325,-0.0644536652835408
77,2017-04-07,3428,3535,3218,3335,1553962,-0.013897102306327569
78,2017-04-10,3335,3428,3185,3205,1154712,-0.038980509745127456
79,2017-04-11,3205,3635,3151,3475,4136140,0.0842433697347893
80,2017-04-12,3508,3582,3402,3415,1448555,-0.01726618705035976
81,2017-04-13,3468,3528,3335,3369,986195,-0.013469985358711578
82,2017-04-14,3335,3368,3165,3165,716639,-0.060552092609082786
83,2017-04-17,3181,3402,3181,3302,917565,0.04328593996840446
84,2017-04-18,3315,3515,3315,3389,1252459,0.02634766807995148
85,2017-04-19,3442,3582,3388,3415,1336862,0.007671879610504639
86,2017-04-20,3455,3475,3301,3312,656870,-0.030161054172767154
87,2017-04-21,3355,3402,3198,3222,538874,-0.02717391304347827
88,2017-04-24,3221,3275,2754,2825,1524389,-0.12321539416511484
89,2017-04-25,2828,3038,2788,2822,1597013,-0.00106194690265482
90,2017-04-26,2848,2901,2688,2735,1682499,-0.0308291991495393
91,2017-04-27,2781,2805,2671,2685,913929,-0.018281535648994485
92,2017-04-28,2794,2955,2668,2678,4528270,-0.0026070763500931626
93,2017-05-02,2721,2788,2614,2618,1163925,-0.022404779686333032
94,2017-05-04,2668,2678,2588,2618,741156,0.0
95,2017-05-08,2758,2931,2714,2835,5176895,0.08288770053475947
96,2017-05-10,3095,3335,2945,2965,7905083,0.04585537918871263
97,2017-05-11,2948,3015,2888,3008,1786445,0.014502529510961315
98,2017-05-12,3098,3158,2941,2942,2064599,-0.02194148936170215
99,2017-05-15,2838,3101,2774,3102,1677688,0.054384772263766035
100,2017-05-16,3008,3048,2961,2985,846384,-0.03771760154738879
101,2017-05-17,2958,3031,2951,2962,540259,-0.007705192629815727
102,2017-05-18,2811,2928,2748,2795,661226,-0.056380823767724464
103,2017-05-19,2801,2888,2791,2802,564438,0.002504472271914082
104,2017-05-22,2838,2891,2821,2822,565680,0.007137758743754441
105,2017-05-23,2845,2951,2788,2952,878230,0.04606661941885193
106,2017-05-24,2951,2998,2895,2895,1108178,-0.019308943089430874
107,2017-05-25,2935,2991,2781,2805,883328,-0.031088082901554404
108,2017-05-26,2815,2855,2811,2822,363261,0.0060606060606061
109,2017-05-29,2821,2851,2734,2735,341149,-0.0308291991495393
110,2017-05-30,2721,2758,2664,2685,490801,-0.018281535648994485
111,2017-05-31,2698,2708,2631,2632,398545,-0.019739292364990724
112,2017-06-01,2654,2718,2628,2628,662645,-0.001519756838905817
113,2017-06-02,2631,2674,2588,2595,434032,-0.01255707762557079
114,2017-06-05,2594,2624,2481,2485,601423,-0.042389210019267876
115,2017-06-07,2511,2518,2384,2445,583058,-0.01609657947686116
116,2017-06-08,2444,2481,2404,2405,535175,-0.01635991820040905
117,2017-06-09,2411,2438,2391,2431,276155,0.0108108108108107
118,2017-06-12,2428,2448,2341,2358,323008,-0.030028794734677122
119,2017-06-13,2334,2441,2278,2328,690835,-0.012722646310432517
120,2017-06-14,2351,2361,2294,2295,264609,-0.014175257731958713
121,2017-06-15,2301,2501,2288,2325,1849399,0.013071895424836555
122,2017-06-16,2314,2361,2278,2285,337334,-0.017204301075268824
123,2017-06-19,2298,2298,2174,2188,602037,-0.04245076586433261
124,2017-06-20,2187,2204,2054,2061,617606,-0.05804387568555758
125,2017-06-21,2014,2054,1991,1991,582608,-0.033964095099466296
126,2017-06-22,1974,2097,1974,1981,679089,-0.0050226017076845375
127,2017-06-23,2004,2057,1984,2001,227699,0.01009591115598174
128,2017-06-26,2031,2031,1981,1981,190538,-0.009995002498750627
129,2017-06-27,2001,2574,2001,2575,8384293,0.29984856133266025
130,2017-06-28,2594,2601,2411,2481,5381559,-0.03650485436893203
131,2017-06-29,2501,2678,2454,2471,7626351,-0.00403063280935112
132,2017-06-30,2598,2771,2508,2565,7043538,0.03804127883447994
133,2017-07-03,2608,2815,2524,2815,4426743,0.09746588693957126
134,2017-07-04,2881,2888,2604,2612,3159126,-0.07211367673179392
135,2017-07-05,2614,2728,2598,2682,1925296,0.02679938744257271
136,2017-07-06,2721,2721,2564,2578,994986,-0.03877703206562266
137,2017-07-07,2584,2694,2544,2655,1514760,0.02986811481768803
138,2017-07-10,2618,2654,2474,2481,856508,-0.06553672316384185
139,2017-07-11,2481,2568,2481,2511,557411,0.012091898428053138
140,2017-07-12,2444,2498,2404,2481,700436,-0.01194743130227005
141,2017-07-13,2464,2708,2461,2642,3389466,0.06489318823055212
142,2017-07-14,2658,3218,2601,2955,22107240,0.11847085541256619
143,2017-07-17,2971,3201,2931,3062,7901329,0.03620981387478839
144,2017-07-18,3015,3091,2978,3085,2924480,0.007511430437622479
145,2017-07-19,3065,3315,3025,3149,6386402,0.020745542949756945
146,2017-07-20,3155,3161,3078,3125,2101935,-0.007621467132422954
147,2017-07-21,3211,3255,3005,3035,2665030,-0.028800000000000048
148,2017-07-24,3075,3098,2875,2942,2696675,-0.030642504118616132
149,2017-07-25,2928,2928,2791,2855,2014367,-0.02957171991842289
150,2017-07-26,2838,2908,2794,2815,1288413,-0.014010507880910628
151,2017-07-27,2815,2841,2668,2702,1284475,-0.04014209591474249
152,2017-07-28,2674,2784,2498,2498,1340901,-0.07549962990377501
153,2017-07-31,2444,2508,2374,2375,841066,-0.04923939151321055
154,2017-08-01,2361,2714,2361,2565,4287113,0.08000000000000007
155,2017-08-02,2564,2611,2514,2538,731034,-0.010526315789473717
156,2017-08-03,2551,2561,2358,2358,938042,-0.07092198581560283
157,2017-08-04,2358,2434,2348,2395,396000,0.015691263782866782
158,2017-08-07,2448,2564,2418,2468,709064,0.030480167014613757
159,2017-08-08,2471,2538,2428,2481,464169,0.005267423014586603
160,2017-08-09,2461,2504,2374,2375,345738,-0.042724707779121296
161,2017-08-10,2361,2391,2301,2321,433080,-0.022736842105263166
162,2017-08-11,2254,2288,2161,2201,602392,-0.05170185264971994
163,2017-08-14,2201,2227,2114,2115,321033,-0.03907314856883237
164,2017-08-16,2144,2471,2144,2295,4972671,0.0851063829787233
165,2017-08-17,2298,2378,2274,2318,904124,0.010021786492374618
166,2017-08-18,2284,2351,2274,2318,505376,0.0
167,2017-08-21,2318,2548,2314,2398,3719762,0.0345125107851596
168,2017-08-22,2381,2434,2364,2401,442364,0.0012510425354461674
169,2017-08-23,2434,2518,2384,2385,1108561,-0.006663890045814247
170,2017-08-24,2368,2421,2361,2371,326295,-0.005870020964360623
171,2017-08-25,2411,2574,2411,2418,3184897,0.019822859552931282
172,2017-08-28,2421,2501,2418,2428,656321,0.0041356492969395475
173,2017-08-29,2421,2558,2388,2451,1748824,0.009472817133443057
174,2017-08-30,2448,2491,2421,2458,580550,0.002855977152182776
175,2017-08-31,2471,2478,2361,2361,470897,-0.03946297803091947
176,2017-09-01,2394,2408,2298,2305,507290,-0.02371876323591704
177,2017-09-04,2274,2291,2154,2265,340647,-0.017353579175705014
178,2017-09-05,2254,2278,2174,2208,417988,-0.025165562913907258
179,2017-09-06,2187,2237,2187,2195,201209,-0.005887681159420288
180,2017-09-07,2231,2514,2231,2308,3949857,0.05148063781321177
181,2017-09-08,2304,2384,2274,2281,766175,-0.011698440207972283
182,2017-09-11,2344,2351,2288,2295,424229,0.006137658921525624
183,2017-09-12,2318,2358,2278,2308,272809,0.005664488017429248
184,2017-09-13,2308,2324,2231,2231,391059,-0.033362218370883934
185,2017-09-14,2234,2268,2221,2241,177058,0.0044822949350067365
186,2017-09-15,2241,2264,2211,2218,182354,-0.010263275323516341
187,2017-09-18,2207,2311,2207,2268,281600,0.02254283137962121
188,2017-09-19,2298,2331,2231,2261,293776,-0.0030864197530864335
189,2017-09-20,2268,2291,2184,2201,247483,-0.02653693056169837
190,2017-09-21,2201,2321,2127,2161,862712,-0.0181735574738755
191,2017-09-22,2137,2171,2074,2095,288860,-0.030541416011105937
192,2017-09-25,2057,2291,2057,2111,2402565,0.007637231503579978
193,2017-09-26,2111,2264,2067,2081,920815,-0.01421127427759361
194,2017-09-27,2081,2111,2057,2098,230384,0.008169149447381008
195,2017-09-28,2104,2147,2081,2081,174522,-0.008102955195424255
196,2017-09-29,2067,2117,2057,2081,196978,0.0
197,2017-10-10,2104,2181,2097,2151,416988,0.033637674195098555
198,2017-10-11,2124,2244,2124,2161,542250,0.004649000464900022
199,2017-10-12,2144,2207,2131,2138,212440,-0.010643220731142988
200,2017-10-13,2134,2174,2087,2095,292903,-0.02011225444340503
201,2017-10-16,2094,2124,2074,2095,137161,0.0
202,2017-10-17,2084,2221,2081,2121,560146,0.012410501193317325
203,2017-10-18,2124,2151,2087,2088,273738,-0.01555869872701554
204,2017-10-19,2111,2248,2087,2101,883828,0.006226053639846851
205,2017-10-20,2117,2127,2081,2098,254300,-0.0014278914802474674
206,2017-10-23,2114,2117,2071,2085,230237,-0.006196377502383221
207,2017-10-24,2097,2114,2081,2108,171396,0.011031175059952103
208,2017-10-25,2117,2151,2097,2128,303942,0.009487666034155628
209,2017-10-26,2147,2147,2081,2085,280951,-0.020206766917293284
210,2017-10-27,2074,2091,2037,2038,317377,-0.022541966426858462
211,2017-10-30,2021,2061,2004,2005,258514,-0.01619234543670267
212,2017-10-31,2004,2021,1984,2011,223952,0.0029925187032417977
213,2017-11-01,2024,2077,2011,2051,300006,0.019890601690701226
214,2017-11-02,2081,2117,2044,2078,415818,0.013164310092637743
215,2017-11-03,2624,2658,2241,2361,10648298,0.13618864292589028
216,2017-11-06,2298,2324,2201,2281,1260744,-0.03388394747988144
217,2017-11-07,2284,2318,2204,2248,557421,-0.014467338886453351
218,2017-11-08,2221,2251,2151,2161,675779,-0.03870106761565839
219,2017-11-09,2164,2207,2124,2151,440136,-0.00462748727440998
220,2017-11-10,2167,2194,2147,2171,298746,0.009298000929800043
221,2017-11-13,2171,2468,2167,2315,4759044,0.0663288807001381
222,2017-11-14,2328,2341,2281,2328,773179,0.005615550755939447
223,2017-11-15,2314,2328,2244,2268,613179,-0.02577319587628868
224,2017-11-16,2268,2314,2167,2315,807554,0.02072310405643729
225,2017-11-17,2378,2434,2248,2248,1641337,-0.02894168466522673
226,2017-11-20,2268,2321,2251,2315,456681,0.029804270462633342
227,2017-11-21,2314,2344,2254,2258,449933,-0.024622030237581027
228,2017-11-22,2237,2321,2237,2265,329208,0.003100088573959159
229,2017-11-23,2254,2291,2241,2258,331315,-0.003090507726269287
230,2017-11-24,2258,2298,2241,2275,334117,0.0075287865367581475
231,2017-11-27,2274,2284,2241,2245,282215,-0.01318681318681314
232,2017-11-28,2254,2364,2251,2291,1568612,0.02048997772828498
233,2017-11-29,2294,2304,2151,2178,567152,-0.049323439546049785
234,2017-11-30,2177,2194,2124,2125,393330,-0.024334251606978885
235,2017-12-01,2137,2161,2101,2115,230584,-0.004705882352941226
236,2017-12-04,2121,2137,2077,2135,158841,0.009456264775413725
237,2017-12-05,2134,2227,2077,2188,464860,0.024824355971897027
238,2017-12-06,2191,2227,2151,2155,244569,-0.015082266910420472
239,2017-12-07,2154,2184,2087,2138,272794,-0.007888631090487208
240,2017-12-08,2201,2391,2104,2105,2869102,-0.015434985968194592
241,2017-12-11,2104,2154,2084,2135,516916,0.014251781472684133
242,2017-12-12,2164,2174,2034,2061,353773,-0.0346604215456674
243,2017-12-13,2044,2107,2044,2091,186488,0.01455604075691408
244,2017-12-14,2114,2231,2071,2088,1234404,-0.0014347202295552641
245,2017-12-15,2087,2157,2067,2145,706499,0.027298850574712707
246,2017-12-18,2154,2241,2141,2188,977287,0.020046620046620056
247,2017-12-19,2187,2187,2064,2068,498945,-0.054844606946983565
248,2017-12-20,2067,2197,2027,2095,583394,0.013056092843326983
249,2017-12-21,2117,2234,2087,2105,1179371,0.004773269689737569
250,2017-12-22,2101,2147,2071,2075,393068,-0.014251781472684133
251,2017-12-26,2077,2107,2007,2008,393434,-0.032289156626506
252,2017-12-27,2017,2067,2011,2068,278786,0.029880478087649376
253,2017-12-28,2057,2111,2054,2055,274302,-0.006286266924564798
254,2018-01-02,2071,2127,2054,2111,303459,0.027250608272506138
255,2018-01-03,2124,2191,2101,2131,483759,0.009474182851729074
256,2018-01-04,2187,2381,2161,2245,5481991,0.05349601126231818
257,2018-01-05,2258,2261,2177,2201,885195,-0.01959910913140317
258,2018-01-08,2227,2448,2214,2448,3465323,0.11222171740118125
259,2018-01-09,2658,2751,2414,2468,7993074,0.008169934640522847
260,2018-01-10,2488,2995,2438,2765,10161453,0.12034035656401953
261,2018-01-11,2674,2848,2471,2572,4720547,-0.06980108499095838
262,2018-01-12,2571,2658,2334,2395,2297068,-0.0688180404354588
263,2018-01-15,2404,2498,2371,2428,1536639,0.013778705636743105
264,2018-01-16,2391,2411,2284,2298,1204788,-0.05354200988467872
265,2018-01-17,2261,2371,2187,2268,1557719,-0.01305483028720622
266,2018-01-18,2301,2324,2241,2241,620698,-0.011904761904761862
267,2018-01-19,2261,2484,2227,2411,3964739,0.0758589915216421
268,2018-01-22,2411,2448,2364,2421,629306,0.004147656574035707
269,2018-01-23,2444,2481,2381,2385,857299,-0.014869888475836479
270,2018-01-24,2411,2434,2324,2351,668945,-0.014255765199161385
271,2018-01-25,2378,2451,2338,2445,895020,0.03998298596341976
272,2018-01-26,2554,2614,2468,2471,2099145,0.010633946830265861
273,2018-01-29,2471,2508,2414,2481,661900,0.004046944556859611
274,2018-01-30,2514,2875,2488,2798,7811750,0.1277710600564288
275,2018-01-31,2764,3568,2654,3355,24450758,0.1990707648320229
276,2018-02-01,3325,3648,3228,3375,11326574,0.005961251862891315
277,2018-02-02,3328,3949,3241,3375,17167038,0.0
278,2018-02-05,3482,3828,3335,3609,10064018,0.06933333333333325
279,2018-02-06,3375,3415,3015,3229,3743672,-0.10529232474369632
280,2018-02-07,3368,3468,2881,2882,2892958,-0.10746361102508517
281,2018-02-08,2881,3058,2801,2988,1492583,0.03678001387925045
282,2018-02-09,2881,2985,2748,2755,1199657,-0.07797858099062915
283,2018-02-12,2801,2905,2758,2765,923033,0.003629764065335772
284,2018-02-13,2774,2985,2688,2695,2008495,-0.025316455696202556
285,2018-02-14,2728,2784,2711,2755,566055,0.02226345083487935
286,2018-02-19,2845,2931,2828,2868,653712,0.04101633393829407
287,2018-02-20,2905,3158,2851,3068,2596049,0.06973500697350077
288,2018-02-21,3088,3301,3035,3302,2155543,0.07627118644067798
289,2018-02-22,3251,3355,3155,3329,1276440,0.008176862507571103
290,2018-02-23,3325,3382,3078,3162,799530,-0.050165214779212985
291,2018-02-26,3171,3198,3035,3055,419969,-0.033839342188488275
292,2018-02-27,3055,3168,2975,3055,465974,0.0
293,2018-02-28,2991,3051,2851,2922,507361,-0.0435351882160393
294,2018-03-02,2851,2948,2825,2868,302229,-0.01848049281314168
295,2018-03-05,2901,2921,2771,2772,292770,-0.03347280334728031
296,2018-03-06,2761,2888,2761,2865,349684,0.03354978354978355
297,2018-03-07,2878,2975,2794,2802,309140,-0.021989528795811508
298,2018-03-08,2875,3141,2838,3052,1703910,0.08922198429693085
299,2018-03-09,3061,3185,3028,3035,675953,-0.005570117955439047
300,2018-03-12,3118,3228,3058,3229,1045666,0.06392092257001658
301,2018-03-13,3261,3368,3178,3369,1888747,0.04335707649427056
302,2018-03-14,3655,3668,3198,3215,4214319,-0.04571089344018997
303,2018-03-15,3195,3238,2951,2998,1195923,-0.06749611197511662
304,2018-03-16,3005,3041,2888,2892,1109089,-0.03535690460306873
305,2018-03-19,2851,2958,2835,2858,589043,-0.011756569847856113
306,2018-03-20,2858,2931,2841,2918,415211,0.02099370188943328
307,2018-03-21,2891,2955,2808,2808,456792,-0.037697052775873874
308,2018-03-22,2808,2875,2688,2712,411830,-0.03418803418803418
309,2018-03-23,2688,2771,2534,2535,549401,-0.06526548672566368
310,2018-03-26,2508,2631,2508,2602,337389,0.02642998027613408
311,2018-03-27,2611,2694,2611,2618,173090,0.006149116064565696
312,2018-03-28,2564,2631,2481,2505,394686,-0.04316271963330787
313,2018-03-29,2524,2835,2508,2688,1093471,0.0730538922155688
314,2018-03-30,2668,2754,2641,2678,465185,-0.0037202380952381375
315,2018-04-02,2678,2731,2644,2655,259927,-0.008588498879760986
316,2018-04-03,2641,2724,2611,2725,269260,0.026365348399246757
317,2018-04-04,2734,2791,2684,2692,562723,-0.012110091743119278
318,2018-04-05,2721,2761,2681,2718,359672,0.009658246656760738
319,2018-04-06,2704,2728,2641,2645,306365,-0.026857983811626185
320,2018-04-09,2601,2634,2564,2582,364829,-0.023818525519848754
321,2018-04-10,2571,2611,2458,2578,417626,-0.0015491866769945517
322,2018-04-11,2588,2621,2534,2535,239993,-0.0166795965865012
323,2018-04-12,2541,2641,2541,2632,305599,0.03826429980276136
324,2018-04-13,2661,2821,2648,2712,1145612,0.03039513677811545
325,2018-04-16,2734,2764,2694,2708,393252,-0.001474926253687281
326,2018-04-17,2691,2754,2678,2708,232946,0.0
327,2018-04-18,2741,2761,2691,2712,298735,0.001477104874446189
328,2018-04-19,2731,2748,2684,2695,392676,-0.0062684365781711104
329,2018-04-20,2701,2798,2701,2722,479633,0.010018552875695752
330,2018-04-23,2754,2754,2561,2562,274197,-0.05878030859662009
331,2018-04-24,2581,2751,2578,2728,411018,0.06479313036690093
332,2018-04-25,2701,2754,2608,2615,307842,-0.04142228739002929
333,2018-04-26,2621,2661,2604,2625,96453,0.003824091778202643
334,2018-04-27,2638,2718,2621,2632,168679,0.002666666666666595
335,2018-04-30,2654,2674,2494,2555,354122,-0.0292553191489362
336,2018-05-02,2554,2588,2481,2481,210597,-0.02896281800391387
337,2018-05-03,2454,2574,2451,2488,208432,0.0028214429665458507
338,2018-05-04,2491,2514,2421,2421,218908,-0.026929260450160752
339,2018-05-08,2428,2468,2274,2285,249752,-0.056175134242048785
340,2018-05-09,2254,2328,2187,2251,200029,-0.014879649890590763
341,2018-05-10,2237,2298,2237,2288,109215,0.016437139049311433
342,2018-05-11,2274,2354,2274,2355,127986,0.02928321678321688
343,2018-05-14,2328,2351,2254,2265,194205,-0.03821656050955413
344,2018-05-15,2304,2364,2288,2365,209699,0.04415011037527594
345,2018-05-16,2361,2361,2294,2295,157597,-0.029598308668076112
346,2018-05-17,2294,2334,2258,2268,173914,-0.0117647058823529
347,2018-05-18,2224,2268,2221,2245,210375,-0.010141093474426821
348,2018-05-21,2328,2348,2274,2278,369120,0.014699331848552433
349,2018-05-23,2264,2328,2248,2255,160864,-0.010096575943810415
350,2018-05-24,2254,2274,2214,2225,164692,-0.013303769401330379
351,2018-05-25,2191,2217,2157,2158,178485,-0.030112359550561796
352,2018-05-28,2111,2154,2077,2131,256997,-0.012511584800741438
353,2018-05-29,2137,2201,2104,2131,200351,0.0
354,2018-05-30,2131,2214,2081,2101,293742,-0.014077897700610076
355,2018-05-31,2121,2147,2087,2088,82091,-0.006187529747739173
356,2018-06-01,2091,2124,2081,2111,114289,0.011015325670498122
357,2018-06-04,2117,2214,2114,2191,219414,0.03789673140691607
358,2018-06-05,2191,2204,2167,2188,132309,-0.001369237790962985
359,2018-06-07,2201,2301,2197,2245,245324,0.02605118829981712
360,2018-06-08,2244,2274,2207,2228,83685,-0.0075723830734966135
361,2018-06-11,2237,2244,2161,2161,120132,-0.030071813285457827
362,2018-06-12,2161,2184,2081,2105,178418,-0.025913928736695957
363,2018-06-14,2081,2134,2051,2061,144480,-0.02090261282660333
364,2018-06-15,2044,2124,2044,2081,57276,0.009704027171276053
365,2018-06-18,2047,2091,2011,2018,103232,-0.03027390677558861
366,2018-06-19,1981,2057,1901,1928,259266,-0.044598612487611544
367,2018-06-20,1901,2041,1901,1965,139007,0.019190871369294538
368,2018-06-21,1994,2001,1907,1908,133049,-0.02900763358778624
369,2018-06-22,1907,1951,1847,1884,212573,-0.012578616352201255
370,2018-06-25,1871,1914,1834,1868,162410,-0.00849256900212314
371,2018-06-26,1844,1931,1844,1921,86111,0.028372591006424086
372,2018-06-27,1897,1947,1881,1898,98386,-0.01197293076522643
373,2018-06-28,1881,1904,1854,1864,97826,-0.017913593256059013
374,2018-06-29,1861,1874,1777,1834,123310,-0.016094420600858417
375,2018-07-02,1834,1864,1727,1734,127812,-0.05452562704471098
376,2018-07-03,1697,1754,1694,1728,189654,-0.0034602076124568004
377,2018-07-04,1714,2164,1714,1904,5590891,0.10185185185185186
378,2018-07-05,1911,1924,1807,1871,675266,-0.017331932773109293
379,2018-07-06,1871,1947,1844,1888,616697,0.00908605024051301
380,2018-07-09,1881,1947,1847,1861,562943,-0.014300847457627164
381,2018-07-10,1861,1907,1837,1854,322114,-0.0037614185921547305
382,2018-07-11,1861,1917,1861,1874,413488,0.010787486515641875
383,2018-07-12,1857,1884,1857,1871,173631,-0.0016008537886873508
384,2018-07-13,1894,1957,1871,1941,344823,0.03741314804917151
385,2018-07-16,1947,1957,1874,1874,223927,-0.03451828954147351
386,2018-07-17,1901,1944,1871,1924,532950,0.026680896478121774
387,2018-07-18,1937,2017,1874,1884,527655,-0.02079002079002079
388,2018-07-19,1887,1914,1871,1891,116505,0.0037154989384289294
389,2018-07-20,1874,1921,1824,1838,128481,-0.02802749867794818
390,2018-07-23,1827,1857,1660,1708,214391,-0.07072905331882484
391,2018-07-24,1684,1767,1684,1708,126589,0.0
392,2018-07-25,1734,1864,1697,1701,525185,-0.004098360655737654
393,2018-07-26,1701,1754,1674,1728,140279,0.015873015873015817
394,2018-07-27,1744,1804,1727,1764,150447,0.02083333333333326
395,2018-07-30,1777,1811,1767,1778,81723,0.007936507936507908
396,2018-07-31,1764,1807,1761,1794,55934,0.008998875140607376
397,2018-08-01,1777,1821,1777,1811,64616,0.009476031215161607
398,2018-08-02,1817,1834,1801,1814,75443,0.001656543346217454
399,2018-08-03,1834,1887,1787,1811,89874,-0.001653803748621785
400,2018-08-06,1807,1854,1804,1814,46736,0.001656543346217454
401,2018-08-07,1814,1841,1791,1811,41035,-0.001653803748621785
402,2018-08-08,1844,1861,1807,1854,103256,0.02374378796245158
403,2018-08-09,1881,1881,1814,1814,66280,-0.02157497303128375
404,2018-08-10,1817,1841,1794,1811,53896,-0.001653803748621785
405,2018-08-13,1787,1961,1741,1741,370837,-0.038652678078409664
406,2018-08-14,1741,1787,1737,1744,90083,0.001723147616312426
407,2018-08-16,1737,1757,1724,1751,69239,0.004013761467889898
408,2018-08-17,1747,1801,1747,1798,51277,0.026841804683038317
409,2018-08-20,1887,1917,1814,1814,827719,0.008898776418242438
410,2018-08-21,1824,1911,1811,1891,400394,0.04244762954796033
411,2018-08-22,1891,1931,1871,1881,295956,-0.005288207297726055
412,2018-08-23,1891,1897,1861,1881,118324,0.0
413,2018-08-24,1861,2011,1861,1934,776923,0.0281765018607123
414,2018-08-27,1947,1947,1891,1934,166771,0.0
415,2018-08-28,1934,1974,1921,1944,239113,0.005170630816959676
416,2018-08-29,1967,2031,1961,1981,777998,0.019032921810699488
417,2018-08-30,2007,2027,1944,1944,364751,-0.018677435638566386
418,2018-08-31,1944,1964,1834,1938,146320,-0.0030864197530864335
419,2018-09-03,1937,1987,1904,1954,135927,0.008255933952528327
420,2018-09-04,1941,1971,1941,1968,147115,0.007164790174001956
421,2018-09-05,1967,1974,1924,1924,140628,-0.022357723577235755
422,2018-09-06,1924,1944,1877,1911,101025,-0.006756756756756799
423,2018-09-07,1914,1931,1891,1898,115001,-0.006802721088435382
424,2018-09-10,1887,1927,1881,1894,59716,-0.0021074815595363283
425,2018-09-11,1884,1964,1884,1934,189217,0.021119324181626098
426,2018-09-12,1954,1954,1891,1911,84310,-0.011892450879007255
427,2018-09-13,1911,1941,1884,1941,99770,0.01569858712715866
428,2018-09-14,1951,1951,1907,1928,85786,-0.006697578567748552
429,2018-09-17,1884,1947,1867,1901,94789,-0.014004149377593311
430,2018-09-18,1871,1901,1864,1871,112356,-0.015781167806417695
431,2018-09-19,1881,1921,1861,1878,156176,0.0037413148049172396
432,2018-09-20,1874,1901,1834,1838,110762,-0.021299254526091604
433,2018-09-21,1841,1864,1827,1854,40277,0.008705114254624613
434,2018-09-27,1841,1854,1817,1854,79679,0.0
435,2018-09-28,1864,1917,1851,1868,92014,0.007551240560949246
436,2018-10-01,1874,1917,1854,1898,93952,0.016059957173447437
437,2018-10-02,1891,1921,1877,1884,81584,-0.00737618545837726
438,2018-10-04,1881,1897,1834,1844,66164,-0.02123142250530785
439,2018-10-05,1801,1857,1771,1818,95591,-0.014099783080260275
440,2018-10-08,1781,1827,1744,1748,55329,-0.03850385038503845
441,2018-10-10,1697,1757,1607,1621,146043,-0.07265446224256289
442,2018-10-11,1510,1620,1434,1438,284489,-0.1128932757557064
443,2018-10-12,1367,1487,1367,1461,118072,0.01599443671766343
444,2018-10-15,1464,1560,1464,1538,140497,0.05270362765229297
445,2018-10-16,1560,1781,1560,1651,1828276,0.07347204161248366
446,2018-10-17,1650,1667,1594,1611,274473,-0.0242277407631738
447,2018-10-18,1597,1691,1584,1594,295271,-0.01055245189323406
448,2018-10-19,1567,1600,1534,1601,69968,0.004391468005018773
449,2018-10-22,1570,1610,1534,1608,55152,0.004372267332916957
450,2018-10-23,1600,1610,1580,1584,50760,-0.014925373134328401
451,2018-10-24,1600,1857,1594,1654,2638227,0.044191919191919116
452,2018-10-25,1607,1741,1597,1614,712703,-0.024183796856106388
453,2018-10-26,1640,1660,1500,1501,269194,-0.07001239157372985
454,2018-10-29,1447,1514,1327,1327,243321,-0.1159227181878747
455,2018-10-30,1260,1434,1257,1347,438254,0.015071590052750494
456,2018-10-31,1344,1420,1344,1374,217387,0.020044543429844186
457,2018-11-01,1410,1460,1404,1421,96981,0.03420669577874813
458,2018-11-02,1424,1524,1424,1521,92619,0.07037297677691767
459,2018-11-05,1500,1590,1487,1558,90146,0.024326101249178222
460,2018-11-06,1584,1584,1500,1511,59992,-0.030166880616174563
461,2018-11-07,1524,1550,1434,1461,88921,-0.033090668431502324
462,2018-11-08,1524,1524,1474,1501,22624,0.027378507871321123
463,2018-11-09,1517,1517,1454,1481,52852,-0.01332445036642238
464,2018-11-12,1480,1530,1464,1488,70676,0.004726536124240344
465,2018-11-13,1457,1467,1417,1464,85103,-0.016129032258064502
466,2018-11-14,1447,1480,1444,1461,31553,-0.002049180327868827
467,2018-11-15,1460,1487,1434,1478,49397,0.01163586584531151
468,2018-11-16,1480,1547,1467,1528,104273,0.03382949932341006
469,2018-11-19,1520,1614,1520,1554,122457,0.017015706806282616
470,2018-11-20,1504,1564,1504,1534,56719,-0.012870012870012881
471,2018-11-21,1534,1537,1497,1521,96336,-0.008474576271186418
472,2018-11-22,1570,1574,1514,1538,75285,0.011176857330703394
473,2018-11-23,1540,1550,1474,1484,96443,-0.03511053315994794
474,2018-11-26,1484,1527,1484,1511,35102,0.01819407008086249
475,2018-11-27,1514,1550,1504,1551,75636,0.026472534745201948
476,2018-11-28,1557,1567,1514,1514,79633,-0.023855577047066423
477,2018-11-29,1550,1644,1534,1558,444004,0.029062087186261465
478,2018-11-30,1584,1584,1537,1538,81324,-0.012836970474967901
479,2018-12-03,1587,1594,1547,1584,82127,0.02990897269180759
480,2018-12-04,1587,1597,1557,1588,68732,0.002525252525252597
481,2018-12-05,1560,1614,1547,1614,155050,0.016372795969773257
482,2018-12-06,1620,1674,1554,1568,307538,-0.028500619578686548
483,2018-12-07,1567,1600,1540,1544,96440,-0.015306122448979553
484,2018-12-10,1517,1540,1474,1498,101802,-0.029792746113989632
485,2018-12-11,1487,1530,1467,1488,94553,-0.006675567423230944
486,2018-12-12,1474,1514,1474,1501,56939,0.008736559139784994
487,2018-12-13,1504,1527,1504,1518,39226,0.011325782811459018
488,2018-12-14,1534,1534,1484,1498,46403,-0.013175230566534912
489,2018-12-17,1497,1554,1494,1541,98315,0.02870493991989309
490,2018-12-18,1544,1620,1540,1598,312314,0.036988968202466
491,2018-12-19,1584,1597,1514,1544,194179,-0.03379224030037542
492,2018-12-20,1544,1584,1527,1564,70111,0.012953367875647714
493,2018-12-21,1594,1701,1560,1561,593216,-0.0019181585677748858
494,2018-12-24,1550,1594,1537,1551,110220,-0.006406149903907754
495,2018-12-26,1507,1530,1497,1518,107166,-0.021276595744680882
496,2018-12-27,1520,1580,1520,1538,52752,0.013175230566534912
497,2018-12-28,1560,1584,1547,1568,98055,0.01950585175552666
498,2019-01-02,1597,1597,1567,1581,85838,0.008290816326530503
499,2019-01-03,1574,1614,1554,1601,144837,0.012650221378874171
500,2019-01-04,1610,1677,1587,1598,528106,-0.0018738288569644101
501,2019-01-07,1610,1674,1597,1674,294248,0.04755944931163958
502,2019-01-08,1727,1754,1654,1671,666330,-0.0017921146953404632
503,2019-01-09,1670,1707,1654,1708,131787,0.02214242968282476
504,2019-01-10,1717,1731,1687,1701,150315,-0.004098360655737654
505,2019-01-11,1711,1727,1657,1674,173885,-0.015873015873015928
506,2019-01-14,1667,1667,1624,1651,111347,-0.013739545997610514
507,2019-01-15,1680,1694,1640,1671,95109,0.012113870381586844
508,2019-01-16,1670,1711,1660,1701,81775,0.01795332136445249
509,2019-01-17,1714,1714,1667,1674,68838,-0.015873015873015928
510,2019-01-18,1691,1711,1674,1708,122090,0.020310633213858953
511,2019-01-21,1717,1724,1691,1711,90212,0.0017564402810303914
512,2019-01-22,1714,1714,1670,1671,71197,-0.02337814143775574
513,2019-01-23,1670,1684,1640,1661,78282,-0.005984440454817497
514,2019-01-24,1654,1674,1637,1638,96847,-0.013847080072245666
515,2019-01-25,1644,1664,1620,1648,84432,0.006105006105006083
516,2019-01-28,1647,1674,1637,1651,63030,0.001820388349514479
517,2019-01-29,1650,1654,1617,1631,62803,-0.012113870381586955
518,2019-01-30,1634,1640,1604,1618,119988,-0.00797057020232983
519,2019-01-31,1634,1634,1587,1601,84261,-0.010506798516687232
520,2019-02-01,1600,1614,1560,1584,77320,-0.010618363522798213
521,2019-02-07,1594,1614,1554,1608,62709,0.015151515151515138
522,2019-02-08,1607,1620,1590,1601,49267,-0.0043532338308457375
523,2019-02-11,1634,1634,1600,1614,41190,0.008119925046845777
524,2019-02-12,1614,1627,1584,1601,99135,-0.008054522924411445
525,2019-02-13,1647,1670,1607,1661,256716,0.03747657713928798
526,2019-02-14,1660,1667,1644,1668,75724,0.004214328717639937
527,2019-02-15,1660,1680,1650,1661,60653,-0.004196642685851293
528,2019-02-18,1667,1677,1650,1671,116654,0.006020469596628608
529,2019-02-19,1684,1684,1647,1661,63049,-0.005984440454817497
530,2019-02-20,1667,1697,1660,1674,135830,0.007826610475617057
531,2019-02-21,1677,1767,1650,1714,382688,0.0238948626045401
532,2019-02-22,1714,1724,1680,1681,98175,-0.019253208868144744
533,2019-02-25,1667,1817,1654,1671,769020,-0.005948839976204656
534,2019-02-26,1670,1694,1554,1641,218036,-0.01795332136445238
535,2019-02-27,1644,1664,1627,1654,66233,0.007921998781230899
536,2019-02-28,1654,1664,1560,1561,95983,-0.05622732769044736
537,2019-03-04,1594,1634,1570,1624,83023,0.04035874439461873
538,2019-03-05,1624,1657,1624,1644,32913,0.012315270935960632
539,2019-03-06,1644,1804,1637,1804,1192678,0.09732360097323611
540,2019-03-07,1951,1961,1687,1708,2396992,-0.053215077605321515
541,2019-03-08,1687,1747,1667,1711,392993,0.0017564402810303914
542,2019-03-11,1707,1797,1667,1781,981072,0.040911747516072516
543,2019-03-12,1797,1834,1761,1804,651177,0.01291409320606407
544,2019-03-13,1844,1844,1741,1758,358307,-0.0254988913525499
545,2019-03-14,1771,1797,1757,1791,219799,0.018771331058020424
546,2019-03-15,1817,1861,1707,1738,737388,-0.029592406476828592
547,2019-03-18,1737,1814,1721,1814,360281,0.04372842347525885
548,2019-03-19,1841,1844,1754,1814,436439,0.0
549,2019-03-20,1811,1984,1764,1831,938846,0.009371554575523744
550,2019-03-21,1831,1844,1754,1771,251019,-0.03276897870016382
551,2019-03-22,1791,1797,1727,1771,136956,0.0
552,2019-03-25,1747,1754,1687,1691,169409,-0.04517221908526259
553,2019-03-26,1711,1741,1687,1731,89910,0.023654642223536415
554,2019-03-27,1727,1754,1704,1708,89585,-0.013287117273252491
555,2019-03-28,1684,1721,1660,1694,110354,-0.008196721311475419
556,2019-03-29,1704,1704,1650,1668,101519,-0.015348288075560768
557,2019-04-01,1664,1704,1657,1688,88680,0.011990407673860837
558,2019-04-02,1694,1774,1677,1761,292337,0.04324644549763024
559,2019-04-03,1761,1774,1711,1731,163698,-0.017035775127768327
560,2019-04-04,1754,1797,1731,1791,259736,0.03466204506065851
561,2019-04-05,1791,1887,1744,1774,415777,-0.009491903964265802
562,2019-04-08,1777,1821,1764,1791,385414,0.009582863585118284
563,2019-04-09,1801,1804,1744,1754,142885,-0.02065884980457844
564,2019-04-10,1754,1797,1707,1764,186207,0.005701254275940704
565,2019-04-11,1761,1787,1754,1781,77724,0.00963718820861681
566,2019-04-12,1784,1804,1767,1788,99356,0.003930376193149954
567,2019-04-15,1787,1791,1761,1781,72264,-0.0039149888143176215
568,2019-04-16,1777,1801,1724,1738,131926,-0.024143739472206605
569,2019-04-17,1737,1764,1727,1741,108500,0.0017261219792865656
570,2019-04-18,1751,1774,1707,1711,108764,-0.017231476163124593
571,2019-04-19,1711,1757,1711,1754,99167,0.02513150204558734
572,2019-04-22,1757,1777,1744,1754,68840,0.0
573,2019-04-23,1754,1794,1727,1771,120724,0.009692132269099263
574,2019-04-24,1774,1847,1767,1798,348726,0.015245623941276154
575,2019-04-25,1797,1824,1684,1704,229577,-0.0522803114571746
576,2019-04-26,1704,1721,1670,1671,141355,-0.01936619718309862
577,2019-04-29,1680,1697,1574,1648,103492,-0.01376421304608022
578,2019-04-30,1634,1657,1604,1651,115995,0.001820388349514479
579,2019-05-02,1640,1701,1634,1701,34017,0.03028467595396722
580,2019-05-03,1694,1714,1691,1701,50916,0.0
581,2019-05-07,1677,1714,1630,1644,135530,-0.0335097001763669
582,2019-05-08,1614,1644,1604,1634,151505,-0.006082725060827299
583,2019-05-09,1634,1647,1547,1571,137703,-0.038555691554467586
584,2019-05-10,1570,1587,1517,1554,122568,-0.010821133036282626
585,2019-05-13,1557,1600,1534,1541,123082,-0.008365508365508312
586,2019-05-14,1554,1560,1517,1551,58851,0.006489292667099189
587,2019-05-15,1560,1594,1554,1594,34708,0.027724049000644735
588,2019-05-16,1594,1597,1557,1571,60314,-0.014429109159347586
589,2019-05-17,1564,1607,1564,1564,71214,-0.004455760661998709
590,2019-05-20,1574,1574,1527,1528,67131,-0.023017902813299185
591,2019-05-21,1504,1550,1504,1531,39563,0.0019633507853402676
592,2019-05-22,1540,1560,1520,1534,24898,0.0019595035924233617
593,2019-05-23,1524,1544,1500,1508,41450,-0.016949152542372836
594,2019-05-24,1500,1517,1477,1478,53504,-0.019893899204244003
595,2019-05-27,1477,1500,1470,1491,47799,0.008795669824086527
596,2019-05-28,1500,1514,1477,1498,56008,0.0046948356807512415
597,2019-05-29,1500,1504,1444,1484,58747,-0.009345794392523366
598,2019-05-30,1464,1470,1440,1444,50767,-0.02695417789757415
599,2019-05-31,1454,1460,1430,1461,49668,0.011772853185595622
600,2019-06-03,1460,1464,1437,1438,29707,-0.015742642026009612
601,2019-06-04,1394,1447,1394,1444,148452,0.004172461752433909
602,2019-06-05,1457,1494,1437,1491,80381,0.032548476454293596
603,2019-06-07,1500,1530,1484,1521,61397,0.02012072434607637
604,2019-06-10,1534,1537,1487,1504,53101,-0.011176857330703505
605,2019-06-11,1497,1517,1497,1514,92497,0.0066489361702126715
606,2019-06-12,1507,1520,1484,1488,45168,-0.017173051519154603
607,2019-06-13,1487,1504,1477,1491,45645,0.002016129032258007
608,2019-06-14,1490,1507,1477,1484,39716,-0.0046948356807511304
609,2019-06-17,1484,1520,1480,1504,47778,0.013477088948786964
610,2019-06-18,1504,1510,1490,1498,28160,-0.003989361702127714
611,2019-06-19,1504,1544,1494,1521,117919,0.015353805073431204
612,2019-06-20,1527,1567,1517,1538,65434,0.011176857330703394
613,2019-06-21,1534,1554,1524,1534,31080,-0.002600780234070177
614,2019-06-24,1557,1557,1504,1514,49216,-0.013037809647979182
615,2019-06-25,1524,1567,1514,1554,100193,0.026420079260237816
616,2019-06-26,1540,1574,1507,1518,103759,-0.02316602316602312
617,2019-06-27,1517,1547,1487,1488,58723,-0.01976284584980237
618,2019-06-28,1487,1510,1454,1458,52301,-0.020161290322580627
619,2019-07-01,1460,1514,1460,1478,21516,0.013717421124828544
620,2019-07-02,1460,1510,1457,1511,85222,0.022327469553450552
621,2019-07-03,1507,1510,1444,1468,79397,-0.028457974851092027
622,2019-07-04,1464,1464,1424,1431,57801,-0.02520435967302448
623,2019-07-05,1440,1440,1410,1434,80572,0.002096436058700135
624,2019-07-08,1424,1434,1367,1371,94095,-0.043933054393305415
625,2019-07-09,1340,1380,1304,1307,265333,-0.0466812545587163
626,2019-07-10,1310,1357,1310,1337,73043,0.022953328232593773
627,2019-07-11,1330,1377,1330,1374,83131,0.027673896783844354
628,2019-07-12,1390,1390,1344,1367,42455,-0.005094614264919972
629,2019-07-15,1367,1370,1330,1347,39901,-0.014630577907827402
630,2019-07-16,1337,1350,1314,1337,33373,-0.007423904974016349
631,2019-07-17,1337,1400,1300,1304,79551,-0.024682124158563967
632,2019-07-18,1270,1330,1270,1284,37820,-0.015337423312883458
633,2019-07-19,1287,1447,1287,1347,484945,0.0490654205607477
634,2019-07-22,1347,1347,1304,1327,47653,-0.014847809948032697
635,2019-07-23,1327,1347,1324,1347,39513,0.015071590052750494
636,2019-07-24,1354,1354,1327,1327,39875,-0.014847809948032697
637,2019-07-25,1300,1327,1280,1311,57563,-0.012057272042200418
638,2019-07-26,1287,1334,1274,1291,63459,-0.015255530129671957
639,2019-07-29,1277,1304,1177,1191,152254,-0.07745933384972892
640,2019-07-30,1157,1247,1157,1224,78637,0.027707808564231717
641,2019-07-31,1224,1247,1184,1234,43858,0.008169934640522847
642,2019-08-01,1204,1260,1204,1227,14256,-0.005672609400324102
643,2019-08-02,1227,1230,1194,1197,37331,-0.02444987775061125
644,2019-08-05,1200,1204,1057,1061,228003,-0.1136173767752715
645,2019-08-06,1007,1087,947,981,128152,-0.07540056550424123
646,2019-08-07,980,1057,980,1034,116693,0.05402650356778804
647,2019-08-08,1037,1110,1037,1084,42525,0.04835589941972929
648,2019-08-09,1083,1117,1083,1111,22234,0.024907749077490715
649,2019-08-12,1090,1130,1067,1124,51954,0.011701170117011772
650,2019-08-13,1117,1130,1107,1114,19900,-0.008896797153024938
651,2019-08-14,1120,1147,1087,1134,34721,0.01795332136445249
652,2019-08-16,1130,1130,1073,1111,35840,-0.020282186948853642
653,2019-08-19,1107,1157,1107,1157,56958,0.0414041404140415
654,2019-08-20,1154,1177,1134,1171,20027,0.012100259291270454
655,2019-08-21,1170,1224,1160,1221,54868,0.04269854824935959
656,2019-08-22,1220,1224,1200,1221,30034,0.0
657,2019-08-23,1220,1234,1190,1207,32913,-0.01146601146601145
658,2019-08-26,1190,1190,1154,1161,27394,-0.03811101905550951
659,2019-08-27,1160,1180,1160,1167,19131,0.0051679586563306845
660,2019-08-28,1154,1190,1150,1187,17679,0.01713796058269068
661,2019-08-29,1187,1200,1160,1174,11629,-0.010951979780960408
662,2019-08-30,1180,1200,1174,1194,11853,0.017035775127768327
663,2019-09-02,1167,1214,1167,1211,15456,0.014237855946398703
664,2019-09-03,1210,1217,1180,1207,9984,-0.003303055326176696
665,2019-09-04,1207,1224,1197,1214,9509,0.0057995028997515075
666,2019-09-05,1207,1234,1204,1227,13823,0.010708401976935678
667,2019-09-06,1224,1227,1200,1221,9250,-0.004889975550122272
668,2019-09-09,1207,1234,1197,1207,8722,-0.01146601146601145
669,2019-09-10,1187,1234,1187,1217,17646,0.008285004142501995
670,2019-09-11,1210,1230,1204,1221,11926,0.0032867707477404196
671,2019-09-16,1207,1247,1207,1241,20108,0.016380016380016293
672,2019-09-17,1227,1254,1227,1241,26556,0.0
673,2019-09-18,1240,1257,1237,1244,31247,0.00241740531829171
674,2019-09-19,1237,1257,1237,1247,20311,0.002411575562700996
675,2019-09-20,1247,1254,1237,1254,48858,0.005613472333600544
676,2019-09-23,1254,1260,1227,1251,23991,-0.0023923444976076125
677,2019-09-24,1244,1257,1234,1244,20513,-0.005595523581135131
678,2019-09-25,1244,1250,1180,1181,47540,-0.05064308681672025
679,2019-09-26,1190,1207,1140,1204,54296,0.019475021168501305
680,2019-09-27,1227,1227,1154,1204,19755,0.0
681,2019-09-30,1204,1217,1147,1204,70970,0.0
682,2019-10-01,1197,1250,1184,1184,51322,-0.01661129568106312
683,2019-10-02,1197,1214,1147,1147,25713,-0.03125
684,2019-10-04,1147,1180,1147,1167,22712,0.017436791630339954
685,2019-10-07,1167,1194,1157,1177,26372,0.00856898029134534
686,2019-10-08,1184,1207,1180,1181,36531,0.003398470688190214
687,2019-10-10,1174,1197,1170,1174,4079,-0.005927180355630779
688,2019-10-11,1187,1187,1157,1184,10820,0.008517887563884052
689,2019-10-14,1184,1194,1167,1171,18473,-0.010979729729729715
690,2019-10-15,1174,1224,1170,1214,60730,0.0367207514944492
691,2019-10-16,1227,1250,1214,1244,53971,0.02471169686985175
692,2019-10-17,1257,1257,1214,1224,33483,-0.01607717041800638
693,2019-10-18,1224,1244,1210,1237,36334,0.0106209150326797
694,2019-10-21,1240,1254,1217,1254,79966,0.013742926434923142
695,2019-10-22,1267,1270,1240,1254,60223,0.0
696,2019-10-23,1247,1264,1227,1261,52111,0.005582137161084466
697,2019-10-24,1260,1280,1247,1261,65544,0.0
698,2019-10-25,1260,1280,1240,1244,27411,-0.013481363996827866
699,2019-10-28,1244,1304,1240,1301,150095,0.04581993569131826
700,2019-10-29,1300,1307,1267,1267,42207,-0.02613374327440432
701,2019-10-30,1267,1280,1247,1261,29861,-0.0047355958958168465
702,2019-10-31,1254,1277,1237,1244,31391,-0.013481363996827866
703,2019-11-01,1237,1254,1234,1241,20839,-0.002411575562700996
704,2019-11-04,1237,1260,1237,1251,39112,0.008058017727639033
705,2019-11-05,1254,1377,1254,1294,465855,0.03437250199840136
706,2019-11-06,1294,1307,1280,1291,62310,-0.0023183925811437467
707,2019-11-07,1294,1667,1290,1521,10957935,0.17815646785437655
708,2019-11-08,1600,1744,1557,1584,4212461,0.041420118343195256
709,2019-11-11,1600,1774,1587,1634,3421473,0.031565656565656575
710,2019-11-12,1630,1640,1567,1608,441732,-0.01591187270501837
711,2019-11-13,1610,1817,1584,1644,2463485,0.02238805970149249
712,2019-11-14,1644,1717,1637,1654,524749,0.006082725060827299
713,2019-11-15,1670,1694,1617,1634,277041,-0.01209189842805325
714,2019-11-18,1640,1670,1597,1601,158672,-0.020195838433292534
715,2019-11-19,1617,1824,1597,1644,1415683,0.026858213616489657
716,2019-11-20,1644,1767,1644,1668,443093,0.014598540145985384
717,2019-11-21,1694,1701,1634,1641,214692,-0.01618705035971224
718,2019-11-22,1647,1654,1594,1601,152172,-0.02437538086532598
719,2019-11-25,1620,1680,1600,1674,144394,0.04559650218613376
720,2019-11-26,1694,1757,1680,1744,317578,0.041816009557944955
721,2019-11-27,1754,1767,1737,1754,188263,0.005733944954128489
722,2019-11-28,1754,1794,1687,1701,185735,-0.030216647662485774
723,2019-11-29,1711,1724,1670,1671,124131,-0.01763668430335097
724,2019-12-02,1670,1677,1620,1661,113899,-0.005984440454817497
725,2019-12-03,1670,1670,1590,1614,123707,-0.028296207104154147
726,2019-12-04,1614,1620,1554,1588,105149,-0.01610904584882278
727,2019-12-05,1587,1594,1507,1534,86748,-0.03400503778337527
728,2019-12-06,1527,1600,1524,1601,47882,0.043676662320730086
729,2019-12-09,1607,1634,1567,1634,58421,0.02061211742660829
730,2019-12-10,1630,1630,1580,1594,35898,-0.0244798041615667
731,2019-12-11,1594,1620,1577,1598,35588,0.0025094102885820924
732,2019-12-12,1594,1614,1590,1601,20610,0.001877346683354153
733,2019-12-13,1607,1634,1607,1611,52899,0.006246096189881367
734,2019-12-16,1617,1630,1604,1621,35942,0.0062073246430789375
735,2019-12-17,1634,1677,1620,1651,115294,0.018507094386181366
736,2019-12-18,1664,1697,1634,1684,137788,0.019987886129618326
737,2019-12-19,1684,1704,1667,1691,72704,0.004156769596199483
738,2019-12-20,1714,1714,1654,1668,58148,-0.013601419278533422
739,2019-12-23,1667,1701,1600,1601,73071,-0.040167865707434025
740,2019-12-24,1600,1620,1567,1568,37055,-0.0206121174266084
741,2019-12-26,1567,1721,1567,1644,462958,0.04846938775510212
742,2019-12-27,1664,1731,1644,1714,182616,0.04257907542579065
743,2019-12-30,1734,1737,1697,1714,75422,0.0
744,2020-01-02,1721,1747,1667,1744,98974,0.0175029171528589
745,2020-01-03,1757,1771,1734,1758,106716,0.008027522935779796
746,2020-01-06,1757,1757,1667,1721,110943,-0.021046643913538166
747,2020-01-07,1727,1781,1727,1738,147438,0.009877977919814152
748,2020-01-08,1724,1724,1624,1628,127645,-0.06329113924050633
749,2020-01-09,1704,1717,1647,1718,53636,0.055282555282555323
750,2020-01-10,1734,1814,1721,1774,193056,0.03259604190919685
751,2020-01-13,1797,1821,1751,1808,199600,0.01916572717023679
752,2020-01-14,1821,1821,1774,1781,86558,-0.014933628318584025
753,2020-01-15,1801,1814,1737,1754,111437,-0.015160022459292488
754,2020-01-16,1757,1961,1757,1791,1257361,0.02109464082098067
755,2020-01-17,1791,1901,1784,1901,457654,0.06141820212171978
756,2020-01-20,1987,2184,1854,1898,2347251,-0.0015781167806417917
757,2020-01-21,1871,1901,1794,1824,309983,-0.03898840885142252
758,2020-01-22,1807,1861,1807,1831,116853,0.003837719298245723
759,2020-01-23,1827,1894,1781,1814,146096,-0.00928454396504641
760,2020-01-28,1771,1771,1687,1721,219363,-0.051267916207276776
761,2020-01-29,1747,1761,1711,1734,131765,0.007553747821034351
762,2020-01-30,1734,1744,1597,1638,162466,-0.05536332179930792
763,2020-01-31,1637,1654,1527,1531,204367,-0.06532356532356531
764,2020-02-03,1524,1577,1447,1578,109435,0.030698889614630964
765,2020-02-04,1574,1627,1564,1628,79682,0.03168567807351086
766,2020-02-05,1680,1680,1634,1668,90122,0.024570024570024662
767,2020-02-06,1677,1704,1677,1694,60442,0.015587529976019088
768,2020-02-07,1701,1751,1670,1718,75594,0.01416765053128688
769,2020-02-10,1717,1757,1707,1734,96137,0.0093131548311991
770,2020-02-11,1751,1751,1711,1731,52620,-0.0017301038062284002
771,2020-02-12,1741,1744,1714,1734,63172,0.0017331022530329143
772,2020-02-13,1734,1744,1704,1721,93574,-0.007497116493656253
773,2020-02-14,1727,1777,1704,1721,56972,0.0
774,2020-02-17,1721,1734,1707,1714,51400,-0.004067402672864651
775,2020-02-18,1727,1734,1657,1684,97170,-0.017502917152858788
776,2020-02-19,1717,1717,1637,1641,71393,-0.025534441805225683
777,2020-02-20,1637,1650,1614,1614,63318,-0.01645338208409508
778,2020-02-21,1610,1654,1547,1548,60834,-0.040892193308550207
779,2020-02-24,1514,1534,1480,1488,121548,-0.03875968992248058
780,2020-02-25,1487,1540,1467,1531,68732,0.02889784946236551
781,2020-02-26,1500,1520,1477,1521,42714,-0.006531678641410799
782,2020-02-27,1514,1527,1420,1438,86492,-0.054569362261669974
783,2020-02-28,1404,1417,1290,1307,186782,-0.09109874826147424
784,2020-03-02,1307,1447,1294,1431,166296,0.09487375669472065
785,2020-03-03,1460,1467,1414,1434,76487,0.002096436058700135
786,2020-03-04,1434,1484,1427,1481,60632,0.032775453277545274
787,2020-03-05,1484,1517,1477,1484,59535,0.002025658338960179
788,2020-03-06,1574,1757,1487,1564,4216586,0.0539083557951483
789,2020-03-09,1554,1610,1380,1381,708084,-0.11700767263427114
790,2020-03-10,1317,1390,1310,1347,330551,-0.024619840695148443
791,2020-03-11,1340,1387,1267,1277,236820,-0.05196733481811433
792,2020-03-12,1260,1277,1117,1117,316965,-0.12529365700861395
793,2020-03-13,1013,1120,920,1067,484311,-0.044762757385855
794,2020-03-16,1047,1157,1047,1047,195801,-0.018744142455482615
795,2020-03-17,937,1087,937,1041,116730,-0.005730659025787954
796,2020-03-18,1033,1134,980,987,294260,-0.05187319884726227
797,2020-03-19,990,1033,807,854,345301,-0.13475177304964536
798,2020-03-20,867,913,857,897,185374,0.050351288056206034
799,2020-03-23,827,883,787,810,196320,-0.09698996655518399
800,2020-03-24,823,870,823,861,125067,0.06296296296296289
801,2020-03-25,893,970,887,951,230417,0.1045296167247387
802,2020-03-26,963,1043,937,1011,164698,0.06309148264984232
803,2020-03-27,1040,1063,983,1021,231720,0.009891196834816984
804,2020-03-30,1020,1080,980,1081,159011,0.05876591576885404
805,2020-03-31,1093,1117,1060,1097,144988,0.014801110083256352
806,2020-04-01,1097,1113,1030,1051,169565,-0.04193254329990881
807,2020-04-02,1073,1073,1003,1067,120786,0.015223596574690745
808,2020-04-03,1090,1093,1033,1077,107169,0.009372071227741419
809,2020-04-06,1083,1127,1060,1104,208567,0.025069637883008422
810,2020-04-07,1130,1194,1093,1194,278013,0.08152173913043481
811,2020-04-08,1197,1230,1137,1217,210773,0.019262981574539317
812,2020-04-09,1244,1270,1214,1257,284315,0.03286770747740353
813,2020-04-10,1257,1260,1177,1224,246619,-0.026252983293556076
814,2020-04-13,1207,1237,1154,1207,218753,-0.01388888888888884
815,2020-04-14,1224,1244,1200,1221,186866,0.011599005799502793
816,2020-04-16,1227,1277,1190,1277,280562,0.0458640458640458
817,2020-04-17,1307,1654,1287,1534,4081751,0.20125293657008614
818,2020-04-20,1597,1801,1547,1704,5248869,0.11082138200782277
819,2020-04-21,1664,2097,1500,1861,17249523,0.09213615023474175
820,2020-04-22,1804,1927,1687,1688,5113859,-0.09296077377753897
821,2020-04-23,1734,1857,1721,1774,2835118,0.05094786729857814
822,2020-04-24,1774,1774,1677,1678,614090,-0.054114994363021474
823,2020-04-27,1684,1791,1684,1698,739098,0.011918951132300348
824,2020-04-28,1701,1844,1664,1811,2578207,0.06654888103651357
825,2020-04-29,1817,1967,1807,1851,4877032,0.022087244616234125
826,2020-05-04,1847,1887,1744,1821,801726,-0.01620745542949753
827,2020-05-06,1821,1874,1807,1868,670835,0.025809994508511735
828,2020-05-07,1887,1997,1837,1844,4033674,-0.012847965738758016
829,2020-05-08,1874,1924,1844,1914,883886,0.037960954446854656
830,2020-05-11,1981,1984,1901,1911,1356325,-0.0015673981191222097
831,2020-05-12,1914,1931,1824,1861,400240,-0.02616431187859758
832,2020-05-13,1881,1914,1797,1828,511286,-0.01773240193444381
833,2020-05-14,1827,1867,1777,1838,454863,0.00547045951859948
834,2020-05-15,1841,1857,1747,1788,410913,-0.027203482045701888
835,2020-05-18,1801,1814,1694,1701,518031,-0.04865771812080533
836,2020-05-19,1701,1804,1670,1784,702200,0.048794826572604366
837,2020-05-20,1831,1834,1764,1788,366081,0.0022421524663676085
838,2020-05-21,1814,1844,1767,1821,417867,0.01845637583892623
839,2020-05-22,1821,1821,1684,1774,513059,-0.025809994508511847
840,2020-05-25,1774,1791,1737,1738,114292,-0.020293122886133053
841,2020-05-26,1737,1764,1707,1731,218027,-0.004027617951668616
842,2020-05-27,1747,1794,1717,1754,254077,0.013287117273252491
843,2020-05-28,1774,1774,1634,1658,277797,-0.05473204104903073
844,2020-05-29,1657,1721,1604,1654,155193,-0.0024125452352231624
845,2020-06-01,1654,1801,1654,1781,506021,0.07678355501813794
846,2020-06-02,1834,1834,1747,1821,628519,0.02245929253228529
847,2020-06-03,1864,1864,1781,1794,429086,-0.014827018121911006
848,2020-06-04,1791,1834,1741,1828,559311,0.018952062430323213
849,2020-06-05,1814,1834,1794,1818,301943,-0.005470459518599591
850,2020-06-08,1821,1834,1751,1794,145445,-0.01320132013201325
851,2020-06-09,1794,1877,1781,1861,922183,0.03734671125975475
852,2020-06-10,1867,1867,1797,1828,458545,-0.01773240193444381
853,2020-06-11,1807,1817,1754,1771,306320,-0.03118161925601748
854,2020-06-12,1634,1734,1627,1701,245921,-0.03952569169960474
855,2020-06-15,1654,1814,1567,1571,625574,-0.07642563198118757
856,2020-06-16,1607,1677,1580,1644,218312,0.04646721833227252
857,2020-06-17,1627,1644,1550,1608,306247,-0.021897810218978075
858,2020-06-18,1607,1617,1557,1618,149319,0.006218905472636926
859,2020-06-19,1647,1647,1580,1624,106033,0.003708281829418958
860,2020-06-22,1624,1660,1594,1651,128762,0.01662561576354671
861,2020-06-23,1667,1670,1587,1588,111156,-0.038158691701998815
862,2020-06-24,1587,1634,1587,1614,80126,0.016372795969773257
863,2020-06-25,1594,1627,1570,1621,122560,0.004337050805452325
864,2020-06-26,1627,1627,1567,1601,159425,-0.012338062924120874
865,2020-06-29,1600,1600,1480,1508,188247,-0.05808869456589627
866,2020-06-30,1510,1570,1507,1538,95196,0.019893899204244114
867,2020-07-01,1554,1587,1500,1501,127462,-0.024057217165149525
868,2020-07-02,1524,1560,1480,1561,114768,0.03997335109926725
869,2020-07-03,1570,1610,1544,1604,109825,0.02754644458680322
870,2020-07-06,1630,1630,1580,1611,132625,0.00436408977556102
871,2020-07-07,1610,1617,1560,1591,55385,-0.012414649286157653
872,2020-07-08,1590,1597,1570,1584,45766,-0.00439974858579506
873,2020-07-09,1584,1701,1584,1691,558204,0.06755050505050497
874,2020-07-10,1691,1694,1634,1654,181647,-0.02188054405677109
875,2020-07-13,1657,1751,1657,1701,435541,0.02841596130592494
876,2020-07-14,1680,1881,1634,1644,3456630,-0.0335097001763669
877,2020-07-15,1664,1664,1617,1628,279727,-0.009732360097323589
878,2020-07-16,1647,1660,1617,1631,176460,0.001842751842751733
879,2020-07-17,1627,1650,1584,1601,155462,-0.01839362354383811
880,2020-07-20,1587,1610,1550,1598,181089,-0.0018738288569644101
881,2020-07-21,1597,1614,1564,1584,184214,-0.008760951188986232
882,2020-07-22,1574,1624,1570,1601,164346,0.010732323232323315
883,2020-07-23,1624,1624,1550,1558,137442,-0.026858213616489657
884,2020-07-24,1557,1570,1517,1541,107714,-0.010911424903722766
885,2020-07-27,1537,1610,1514,1608,238468,0.04347826086956519
886,2020-07-28,1600,1624,1554,1611,236241,0.001865671641791078
887,2020-07-29,1624,1624,1580,1598,170659,-0.00806952203600253
888,2020-07-30,1607,1660,1587,1634,358780,0.02252816020025028
889,2020-07-31,1637,1644,1570,1594,138773,-0.0244798041615667
890,2020-08-03,1594,1597,1474,1571,125185,-0.014429109159347586
891,2020-08-04,1570,1634,1550,1624,195611,0.033736473583704685
892,2020-08-05,1634,1637,1580,1591,117286,-0.020320197044334964
893,2020-08-06,1590,1614,1584,1598,85632,0.004399748585795171
894,2020-08-07,1624,1634,1590,1614,173715,0.01001251564455563
895,2020-08-10,1614,1634,1597,1601,116337,-0.008054522924411445
896,2020-08-11,1600,1787,1600,1788,2628252,0.11680199875078068
897,2020-08-12,1734,1761,1701,1748,1270989,-0.022371364653243853
898,2020-08-13,1751,1777,1721,1731,503151,-0.0097254004576659
899,2020-08-14,1761,1761,1654,1678,399366,-0.030618139803581745
900,2020-08-18,1680,1697,1537,1554,291565,-0.07389749702026227
901,2020-08-19,1554,1660,1527,1661,255203,0.06885456885456875
902,2020-08-20,1711,1717,1517,1558,535405,-0.062010836845273976
903,2020-08-21,1580,1597,1530,1561,126633,0.0019255455712452463
904,2020-08-24,1560,1594,1537,1561,73939,0.0
905,2020-08-25,1584,1637,1564,1618,116354,0.0365150544522741
906,2020-08-26,1620,1634,1567,1618,117257,0.0
907,2020-08-27,1617,1617,1564,1591,137744,-0.016687268232385644
908,2020-08-28,1590,1654,1584,1638,275273,0.029541169076052753
909,2020-08-31,1637,1697,1630,1671,326753,0.020146520146520075
910,2020-09-01,1687,1751,1650,1674,742583,0.0017953321364452268
911,2020-09-02,1687,1707,1674,1701,193556,0.016129032258064502
912,2020-09-03,1731,1731,1691,1698,231712,-0.0017636684303351524
913,2020-09-04,1580,1674,1580,1644,221069,-0.03180212014134276
914,2020-09-07,1644,1684,1630,1674,139166,0.018248175182481674
915,2020-09-08,1677,1754,1660,1684,519660,0.005973715651135025
916,2020-09-09,1664,1677,1630,1658,183864,-0.015439429928741144
917,2020-09-10,1687,1761,1664,1754,631567,0.0579010856453559
918,2020-09-11,1734,1734,1657,1691,325119,-0.03591790193842648
919,2020-09-14,1691,1731,1674,1721,191617,0.017740981667652367
920,2020-09-15,1737,1747,1701,1728,246991,0.004067402672864651
921,2020-09-16,1737,1741,1660,1681,256199,-0.02719907407407407
922,2020-09-17,1687,1784,1684,1694,1293782,0.007733491969066142
923,2020-09-18,1697,1711,1647,1698,258813,0.0023612750885477762
924,2020-09-21,1684,1714,1647,1678,209305,-0.011778563015312105
925,2020-09-22,1667,1674,1590,1654,351993,-0.014302741358760418
926,2020-09-23,1734,1904,1607,1608,3751695,-0.027811366384522418
927,2020-09-24,1570,1617,1550,1551,405660,-0.035447761194029814
928,2020-09-25,1574,1597,1534,1551,217323,0.0
929,2020-09-28,1600,1617,1567,1618,128561,0.04319793681495798
930,2020-09-29,1617,1664,1597,1644,263590,0.01606922126081578
931,2020-10-05,1647,1731,1634,1721,514217,0.04683698296836991
932,2020-10-06,1724,1751,1707,1728,439595,0.004067402672864651
933,2020-10-07,1721,1771,1714,1758,312492,0.01736111111111116
934,2020-10-08,1754,1821,1741,1768,657917,0.005688282138794021
935,2020-10-12,1754,1881,1744,1841,1364756,0.04128959276018107
936,2020-10-13,1867,1921,1787,1834,1137663,-0.0038022813688213253
937,2020-10-14,1827,1897,1741,1821,1468431,-0.007088331515812452
938,2020-10-15,1824,2364,1824,2365,34854604,0.298736957715541
939,2020-10-16,2498,2784,2371,2461,62604272,0.04059196617336158
940,2020-10-19,2441,2628,2368,2468,20018250,0.002844372206420198
941,2020-10-20,2394,2411,2318,2378,1800575,-0.0364667747163695
942,2020-10-21,2368,2368,2278,2278,898071,-0.04205214465937768
943,2020-10-22,2264,2361,2264,2281,1258205,0.0013169446883229963
944,2020-10-23,2244,2281,2144,2191,2777897,-0.03945637878123631
945,2020-10-26,2174,2388,2004,2028,7815845,-0.07439525330899133
946,2020-10-27,2027,2214,2001,2088,4002434,0.029585798816567976
947,2020-10-28,2291,2318,2091,2111,4069914,0.011015325670498122
948,2020-10-29,2074,2741,2007,2742,44159289,0.2989104689720512
949,2020-10-30,2885,2895,2388,2448,23913390,-0.10722100656455147
950,2020-11-02,2428,2531,2321,2398,6497544,-0.020424836601307228
951,2020-11-03,2398,2524,2261,2305,10361997,-0.03878231859883241
952,2020-11-04,2304,2344,2217,2281,2098638,-0.010412147505422964
953,2020-11-05,2281,2368,2278,2321,2054307,0.017536168347216163
954,2020-11-06,2321,2481,2308,2381,4881083,0.02585092632486008
955,2020-11-09,2428,2464,2371,2415,1893875,0.014279714405711852
956,2020-11-10,2431,2434,2284,2315,1197734,-0.04140786749482406
957,2020-11-11,2314,2338,2191,2331,1439316,0.006911447084233302
958,2020-11-12,2351,2351,2254,2265,752841,-0.028314028314028294
959,2020-11-13,2284,2374,2254,2255,1012241,-0.004415011037527616
960,2020-11-16,2258,2314,2207,2305,844819,0.022172949002217335
961,2020-11-17,2328,2361,2278,2301,972565,-0.0017353579175705125
962,2020-11-18,2264,2364,2251,2341,1000856,0.017383746197305427
963,2020-11-19,2348,2348,2268,2268,535273,-0.03118325501922259
964,2020-11-20,2268,2321,2234,2318,379648,0.022045855379188684
965,2020-11-23,2331,2334,2278,2288,519596,-0.012942191544434878
966,2020-11-24,2318,2454,2291,2405,4193566,0.051136363636363535
967,2020-11-25,2404,2941,2361,2508,36488792,0.042827442827442885
968,2020-11-26,2524,2544,2411,2421,2849549,-0.03468899521531099
969,2020-11-27,2404,2678,2368,2535,15896074,0.047087980173482036
970,2020-11-30,2498,2831,2481,2668,18734741,0.052465483234714005
971,2020-12-01,2648,2711,2568,2592,2572162,-0.028485757121439303
972,2020-12-02,2611,2768,2521,2622,5859428,0.011574074074074181
973,2020-12-03,2574,2774,2538,2648,6480691,0.009916094584286883
974,2020-12-04,2658,2921,2658,2685,14304544,0.013972809667673669
975,2020-12-07,2658,2684,2538,2542,1545714,-0.05325884543761639
976,2020-12-08,2544,2574,2488,2558,797681,0.006294256490952055
977,2020-12-09,2524,2668,2494,2608,1619476,0.019546520719311955
978,2020-12-10,2598,2621,2508,2532,501701,-0.02914110429447858
979,2020-12-11,2551,2564,2478,2478,632212,-0.021327014218009532
980,2020-12-14,2438,2508,2398,2415,726962,-0.025423728813559365
981,2020-12-15,2414,2478,2414,2428,424285,0.0053830227743272285
982,2020-12-16,2428,2491,2414,2461,394887,0.013591433278418386
983,2020-12-17,2461,2621,2461,2505,1378310,0.01787891101178385
984,2020-12-18,2508,2524,2424,2425,449135,-0.031936127744510934
985,2020-12-21,2408,2434,2301,2338,586114,-0.035876288659793865
986,2020-12-22,2371,2371,2237,2238,498337,-0.042771599657827175
987,2020-12-23,2241,2304,2201,2241,502442,0.0013404825737264314
988,2020-12-24,2221,2271,2217,2261,246541,0.008924587237840287
989,2020-12-28,2284,2288,2251,2281,277693,0.00884564352056616
990,2020-12-29,2268,2354,2268,2335,276061,0.023673827268741787
991,2020-12-30,2354,2394,2318,2395,358268,0.025695931477516032
992,2021-01-04,2414,2424,2368,2381,260740,-0.0058455114822546506
993,2021-01-05,2354,2424,2354,2375,352745,-0.002519949601007987
994,2021-01-06,2364,2408,2351,2368,246003,-0.0029473684210525875
995,2021-01-07,2368,2531,2361,2421,1085556,0.0223817567567568
996,2021-01-08,2434,2548,2408,2521,1463080,0.04130524576621242
997,2021-01-11,2524,2528,2384,2415,562708,-0.042046806822689464
998,2021-01-12,2384,2481,2314,2431,355410,0.0066252587991717515
999,2021-01-13,2434,2568,2434,2468,831860,0.015220074043603482
1000,2021-01-14,2441,2494,2441,2451,307888,-0.006888168557536489
1001,2021-01-15,2451,2484,2418,2421,334280,-0.012239902080783405
1002,2021-01-18,2401,2421,2294,2301,398224,-0.049566294919454745
1003,2021-01-19,2288,2368,2258,2361,314321,0.026075619295958363
1004,2021-01-20,2354,2581,2338,2488,1234955,0.053790766624311814
1005,2021-01-21,2481,2551,2451,2501,525426,0.00522508038585201
1006,2021-01-22,2504,2538,2474,2528,419833,0.010795681727309159
1007,2021-01-25,2534,2574,2484,2495,399769,-0.013053797468354444
1008,2021-01-26,2474,2654,2468,2648,2671576,0.06132264529058107
1009,2021-01-27,2614,2624,2508,2525,1067450,-0.0464501510574018
1010,2021-01-28,2464,2501,2421,2431,524965,-0.03722772277227726
1011,2021-01-29,2438,2504,2284,2311,458887,-0.0493624023035788
1012,2021-02-01,2308,2354,2207,2308,286337,-0.0012981393336217728
1013,2021-02-02,2368,2411,2284,2318,300779,0.004332755632582286
1014,2021-02-03,2364,2408,2341,2391,303135,0.031492666091458066
1015,2021-02-04,2391,2474,2361,2458,338641,0.02802174822250114
1016,2021-02-05,2458,2471,2268,2398,639295,-0.024410089503661525
1017,2021-02-08,2398,2601,2331,2398,2518109,0.0
1018,2021-02-09,2418,2588,2398,2421,1953137,0.009591326105087505
1019,2021-02-10,2444,2451,2368,2385,341908,-0.014869888475836479
1020,2021-02-15,2384,2454,2368,2421,297601,0.015094339622641506
1021,2021-02-16,2421,2434,2381,2421,219110,0.0
1022,2021-02-17,2388,2511,2388,2495,752622,0.030565881866997158
1023,2021-02-18,2491,2654,2454,2555,3380930,0.024048096192384794
1024,2021-02-19,2521,2771,2498,2625,5384129,0.027397260273972712
1025,2021-02-22,2708,2744,2631,2685,2387346,0.02285714285714291
1026,2021-02-23,2608,2621,2548,2565,920820,-0.04469273743016755
1027,2021-02-24,2534,2628,2434,2461,773707,-0.04054580896686155
1028,2021-02-25,2524,2558,2488,2545,471664,0.034132466477041934
1029,2021-02-26,2498,2498,2414,2475,470262,-0.027504911591355596
1030,2021-03-02,2498,2621,2478,2595,1286143,0.048484848484848575
1031,2021-03-03,2568,2631,2551,2625,681157,0.011560693641618602
1032,2021-03-04,2614,2698,2558,2678,2193996,0.020190476190476092
1033,2021-03-05,2644,2674,2571,2582,976049,-0.03584764749813296
1034,2021-03-08,2644,2721,2538,2538,2055687,-0.017041053446940402
1035,2021-03-09,2494,2664,2494,2588,1639730,0.01970055161544515
1036,2021-03-10,2601,2614,2474,2488,687282,-0.03863987635239563
1037,2021-03-11,2498,2534,2484,2508,290901,0.008038585209003246
1038,2021-03-12,2524,2724,2491,2665,3925876,0.06259968102073366
1039,2021-03-15,2671,3178,2658,2942,29222667,0.1039399624765478
1040,2021-03-16,2968,3168,2865,3032,14794316,0.030591434398368422
1041,2021-03-17,3085,3515,3035,3182,30608810,0.04947229551451193
1042,2021-03-18,3175,3218,3105,3105,3134044,-0.024198617221872998
1043,2021-03-19,3058,3115,2981,3008,2302581,-0.031239935587761725
1044,2021-03-22,3055,3462,3051,3249,23927511,0.0801196808510638
1045,2021-03-23,3205,3225,3011,3022,2949911,-0.06986765158510311
1046,2021-03-24,3008,3095,3008,3035,1149995,0.004301786896095283
1047,2021-03-25,3048,3111,2901,2972,2182366,-0.020757825370675498
1048,2021-03-26,2975,3051,2965,3048,1021758,0.025572005383580176
1049,2021-03-29,3061,3402,2995,3152,14337097,0.034120734908136496
1050,2021-03-30,3155,3508,3101,3375,17272889,0.07074873096446699
1051,2021-03-31,3375,3415,3248,3259,3831596,-0.034370370370370384
1052,2021-04-01,3368,3748,3335,3395,12840507,0.041730592206198125
1053,2021-04-02,3488,4409,3388,4409,27627151,0.2986745213549338
1054,2021-04-05,4536,4869,4415,4683,23260478,0.062145611249716515
1055,2021-04-06,4789,6076,4616,5803,42655034,0.23916292974588949
1056,2021-04-07,6070,6523,5443,5803,23054076,0.0
1057,2021-04-08,5650,6270,5416,6037,12733137,0.040323970360158556
1058,2021-04-09,6130,6197,5563,5610,4430544,-0.07073049527911213
1059,2021-04-12,5900,6150,5600,5910,2523313,0.053475935828877
1060,2021-04-13,5740,5950,5140,5310,2701109,-0.10152284263959388
1061,2021-04-14,5470,5470,4955,5410,2132148,0.01883239171374762
1062,2021-04-15,5160,5160,4995,5040,1080546,-0.06839186691312382
1063,2021-04-16,4950,4985,4780,4815,1077368,-0.044642857142857095
1064,2021-04-19,4760,4880,4620,4645,935891,-0.0353063343717549
1065,2021-04-20,4650,4970,4560,4800,1572107,0.03336921420882666
1066,2021-04-21,4900,4900,4785,4830,580157,0.006250000000000089
1067,2021-04-22,4875,4880,4745,4820,628240,-0.0020703933747412417
1068,2021-04-23,4750,4785,4410,4525,2558062,-0.06120331950207469
1069,2021-04-26,4515,4520,4240,4285,1148221,-0.053038674033149213
1070,2021-04-27,4375,4450,4255,4300,696072,0.003500583430571691
1071,2021-04-28,4250,4450,4230,4230,945268,-0.016279069767441867
1072,2021-04-29,4230,4395,4130,4210,607566,-0.004728132387706863
1073,2021-04-30,4065,4100,3850,3975,3547782,-0.0558194774346793
1074,2021-05-03,3985,4035,3845,3875,1494272,-0.02515723270440251
1075,2021-05-04,3900,4310,3890,3960,9189333,0.021935483870967776
1076,2021-05-06,4045,4210,3955,4205,3912012,0.06186868686868685
1077,2021-05-07,4130,4180,4010,4115,1896369,-0.021403091557669396
1078,2021-05-10,4080,4120,3990,4000,1386074,-0.027946537059538312
1079,2021-05-11,3960,4080,3925,3930,1181448,-0.01749999999999996
1080,2021-05-12,3900,4285,3750,4170,7108704,0.06106870229007644
1081,2021-05-13,4000,4070,3800,3850,2169317,-0.0767386091127098
1082,2021-05-14,3855,3930,3805,3845,881126,-0.0012987012987012436
1083,2021-05-17,3785,3800,3600,3660,1355758,-0.04811443433029905
1084,2021-05-18,3660,3845,3660,3800,992410,0.03825136612021862
1085,2021-05-20,3755,3805,3635,3765,897405,-0.009210526315789447
1086,2021-05-21,3810,3875,3705,3705,1410600,-0.015936254980079667
1087,2021-05-24,3680,3855,3595,3730,1176996,0.006747638326585648
1088,2021-05-25,3815,3940,3750,3785,1689574,0.014745308310991856
1089,2021-05-26,3785,3900,3755,3875,992538,0.023778071334213946
1090,2021-05-27,3875,3950,3825,3930,968894,0.014193548387096744
1091,2021-05-28,3930,4085,3895,4080,1920839,0.03816793893129766
1092,2021-05-31,4100,4160,3985,4135,1849260,0.013480392156862697
1093,2021-06-01,4135,4155,4045,4120,1093902,-0.0036275695284159193
1094,2021-06-02,4135,4365,4085,4320,2575826,0.04854368932038833
1095,2021-06-03,4305,4385,4240,4375,1468560,0.0127314814814814
1096,2021-06-04,4360,4425,4305,4375,1357193,0.0
1097,2021-06-07,4385,4400,4175,4270,1449971,-0.02400000000000002
1098,2021-06-08,4270,4270,4140,4205,1081694,-0.015222482435597207
1099,2021-06-09,4205,4235,3905,3950,1513348,-0.06064209274673005
1100,2021-06-10,3950,4035,3820,3965,1473160,0.0037974683544304
1101,2021-06-11,3960,3965,3835,3910,881080,-0.013871374527112179
1102,2021-06-14,3980,4355,3965,4080,6681685,0.04347826086956519
1103,2021-06-15,4085,4270,3955,4260,2293833,0.044117647058823595
1104,2021-06-16,4180,4450,4105,4290,4243659,0.007042253521126751
1105,2021-06-17,4335,4400,4205,4265,1914123,-0.005827505827505797
1106,2021-06-18,4285,4365,4215,4215,1103776,-0.011723329425556872
1107,2021-06-21,4160,4275,4070,4160,1186253,-0.013048635824436494
1108,2021-06-22,4225,4260,4110,4160,804727,0.0
1109,2021-06-23,4200,4200,4040,4060,1048691,-0.024038461538461564
1110,2021-06-24,4040,4060,3965,3975,667788,-0.020935960591133007
1111,2021-06-25,3980,4070,3980,4015,432956,0.010062893081761004
1112,2021-06-28,3940,3985,3810,3985,773887,-0.007471980074719831
1113,2021-06-29,4055,4535,3995,4270,9490448,0.0715181932245923
1114,2021-06-30,4235,4325,4180,4290,1613174,0.004683840749414525
1115,2021-07-01,4290,4400,4215,4380,1743804,0.020979020979021046
1116,2021-07-02,4400,4410,4245,4290,1399348,-0.020547945205479423
1117,2021-07-05,4220,4280,4170,4195,811462,-0.022144522144522116
1118,2021-07-06,4170,4220,4170,4195,443655,0.0
1119,2021-07-07,4195,4215,4150,4165,741567,-0.007151370679380209
1120,2021-07-08,4300,4320,4095,4095,2303238,-0.01680672268907568
1121,2021-07-09,4025,4040,3920,4015,772672,-0.019536019536019578
1122,2021-07-12,4015,4150,4015,4075,417816,0.014943960149439661
1123,2021-07-13,4075,4155,4055,4115,343787,0.009815950920245342
1124,2021-07-14,4170,4170,4070,4095,403895,-0.004860267314702349
1125,2021-07-15,4120,4260,4095,4215,781997,0.0293040293040292
1126,2021-07-16,4220,4225,4095,4105,516490,-0.0260972716488731
1127,2021-07-19,4105,4160,4055,4105,304572,0.0
1128,2021-07-20,3990,4090,3980,4045,425240,-0.01461632155907433
1129,2021-07-21,4090,4120,4025,4060,383527,0.003708281829418958
1130,2021-07-22,4095,4115,4010,4020,352263,-0.009852216748768461
1131,2021-07-23,4090,4230,4015,4220,1491677,0.04975124378109452
1132,2021-07-26,4290,4360,4205,4235,2593391,0.0035545023696681444
1133,2021-07-27,4265,4335,4150,4310,1342301,0.017709563164108655
1134,2021-07-28,4195,4265,4090,4130,1215926,-0.04176334106728541
1135,2021-07-29,4130,4230,4110,4200,597615,0.016949152542372836
1136,2021-07-30,4220,4295,4070,4070,1061072,-0.030952380952380953
1137,2021-08-02,4085,4185,4050,4100,490377,0.0073710073710073765
1138,2021-08-03,4060,4070,3755,3780,2190010,-0.07804878048780484
1139,2021-08-04,3780,3820,3535,3675,1510026,-0.02777777777777779
1140,2021-08-05,3775,3875,3705,3715,954023,0.010884353741496655
1141,2021-08-06,3700,3750,3615,3665,534447,-0.013458950201884257
1142,2021-08-09,3710,3715,3620,3665,381042,0.0
1143,2021-08-10,3695,3700,3550,3575,598487,-0.024556616643929052
1144,2021-08-11,3600,3600,3390,3390,868682,-0.051748251748251706
1145,2021-08-12,3430,3515,3380,3395,464989,0.001474926253687281
1146,2021-08-13,3490,3490,3220,3325,771544,-0.020618556701030966
1147,2021-08-17,3335,3335,3120,3160,610302,-0.049624060150375904
1148,2021-08-18,3100,3355,3080,3285,576084,0.039556962025316444
1149,2021-08-19,3280,3595,3185,3200,1549999,-0.025875190258751957
1150,2021-08-20,3200,3275,2990,2995,415738,-0.06406250000000002
1151,2021-08-23,3000,3245,2995,3190,554116,0.06510851419031716
1152,2021-08-24,3190,3325,3190,3265,332616,0.023510971786833812
1153,2021-08-25,3300,3300,3205,3265,207860,0.0
1154,2021-08-26,3270,3480,3100,3255,536185,-0.003062787136294043
1155,2021-08-27,3270,3355,3200,3280,249981,0.007680491551459223
1156,2021-08-30,3275,3365,3265,3270,242094,-0.0030487804878048808
1157,2021-08-31,3270,3315,3200,3260,151342,-0.003058103975535187
1158,2021-09-01,3260,3325,3245,3310,214835,0.015337423312883347
1159,2021-09-02,3330,3360,3285,3335,174856,0.007552870090634434
1160,2021-09-03,3335,3435,3325,3420,359038,0.025487256371814038
1161,2021-09-06,3430,3445,3350,3390,237507,-0.00877192982456143
1162,2021-09-07,3390,3475,3380,3390,287997,0.0
1163,2021-09-08,3390,3415,3270,3275,271253,-0.03392330383480824
1164,2021-09-09,3235,3300,3170,3215,193815,-0.018320610687022953
1165,2021-09-10,3330,3660,3205,3235,2108092,0.0062208398133747345
1166,2021-09-13,3200,3255,3145,3155,341070,-0.02472952086553326
1167,2021-09-14,3155,3215,3140,3180,215286,0.007923930269413626
1168,2021-09-15,3160,3270,3160,3175,183891,-0.0015723270440252124
1169,2021-09-16,3200,3225,3145,3150,135934,-0.007874015748031482
1170,2021-09-17,3120,3180,3090,3130,180783,-0.006349206349206327
1171,2021-09-23,3130,3130,3030,3035,203690,-0.030351437699680517
1172,2021-09-24,3065,3105,3040,3055,232493,0.006589785831960571
1173,2021-09-27,3055,3100,3005,3095,237379,0.013093289689034338
1174,2021-09-28,3070,3115,2955,2990,351683,-0.03392568659127626
1175,2021-09-29,2920,3005,2900,2960,229120,-0.010033444816053505
1176,2021-09-30,2920,2990,2920,2920,153532,-0.013513513513513487
1177,2021-10-01,2895,2945,2745,2800,517998,-0.04109589041095896
1178,2021-10-05,2780,2810,2505,2720,349728,-0.02857142857142858
1179,2021-10-06,2670,2880,2605,2640,435492,-0.02941176470588236
1180,2021-10-07,2635,2800,2635,2795,459884,0.058712121212121104
1181,2021-10-08,2800,2875,2740,2850,300679,0.019677996422182487
1182,2021-10-12,2850,2920,2750,2755,213493,-0.033333333333333326
1183,2021-10-13,2730,2920,2730,2775,494236,0.007259528130671544
1184,2021-10-14,2800,2845,2745,2840,262900,0.023423423423423406
1185,2021-10-15,2895,3000,2840,2965,744373,0.04401408450704225
1186,2021-10-18,3005,3035,2890,2950,427073,-0.005059021922428353
1187,2021-10-19,2950,3445,2930,3040,5187120,0.03050847457627115
1188,2021-10-20,3200,3225,2980,2980,1465688,-0.019736842105263164
1189,2021-10-21,3035,3335,3030,3175,4209339,0.06543624161073835
1190,2021-10-22,3155,3160,3055,3055,752104,-0.03779527559055118
1191,2021-10-25,3050,3055,2945,2990,470527,-0.021276595744680882
1192,2021-10-26,2985,3100,2975,3010,534718,0.006688963210702337
1193,2021-10-27,3010,3015,2905,2925,285451,-0.028239202657807327
1194,2021-10-28,2940,2945,2820,2875,348267,-0.017094017094017144
1195,2021-10-29,2925,2970,2845,2895,490264,0.006956521739130528
1196,2021-11-01,2880,2935,2875,2885,240991,-0.003454231433506094
1197,2021-11-02,2885,2955,2885,2935,210999,0.017331022530329365
1198,2021-11-03,2935,2990,2895,2920,368662,-0.005110732538330498
1199,2021-11-04,2950,2955,2790,2810,673278,-0.03767123287671237
1200,2021-11-05,2810,2855,2750,2780,175283,-0.010676156583629859
1201,2021-11-08,2795,3140,2770,2985,2797265,0.07374100719424459
1202,2021-11-09,3050,3150,3010,3030,2260595,0.015075376884422065
1203,2021-11-10,3050,3085,2925,2955,504733,-0.024752475247524774
1204,2021-11-11,2875,2985,2840,2855,426682,-0.03384094754653133
1205,2021-11-12,2930,2950,2860,2920,268299,0.022767075306479923
1206,2021-11-15,2895,2980,2890,2970,265599,0.017123287671232834
1207,2021-11-16,2970,2980,2900,2925,301044,-0.015151515151515138
1208,2021-11-17,2980,3035,2810,2850,733129,-0.02564102564102566
1209,2021-11-18,2870,2920,2770,2870,309796,0.007017543859649145
1210,2021-11-19,2870,2870,2770,2825,201512,-0.015679442508710784
1211,2021-11-22,2810,2835,2710,2750,329580,-0.026548672566371723
1212,2021-11-23,2750,2820,2725,2730,214066,-0.0072727272727273196
1213,2021-11-24,2780,2790,2685,2710,289403,-0.0073260073260073
1214,2021-11-25,2715,2715,2640,2645,259406,-0.023985239852398532
1215,2021-11-26,2625,2725,2575,2620,245640,-0.009451795841209809
1216,2021-11-29,2510,2615,2510,2545,265045,-0.028625954198473247
1217,2021-11-30,2560,2600,2345,2350,490332,-0.0766208251473477
1218,2021-12-01,2315,2545,2315,2485,484228,0.057446808510638325
1219,2021-12-02,2425,2565,2425,2545,134747,0.024144869215291687
1220,2021-12-03,2545,2620,2535,2600,136231,0.0216110019646365
1221,2021-12-06,2550,2630,2530,2600,167869,0.0
1222,2021-12-07,2615,2640,2570,2620,123374,0.007692307692307665
1223,2021-12-08,2625,2730,2620,2620,265464,0.0
1224,2021-12-09,2700,2700,2635,2645,144201,0.009541984732824416
1225,2021-12-10,2600,2675,2600,2655,90161,0.003780718336483968
1226,2021-12-13,2655,2670,2510,2610,132926,-0.016949152542372836
1227,2021-12-14,2585,2685,2555,2625,161056,0.005747126436781658
1228,2021-12-15,2610,2645,2545,2590,105812,-0.013333333333333308
1229,2021-12-16,2610,2665,2550,2620,120797,0.01158301158301156
1230,2021-12-17,2625,2675,2610,2645,107038,0.009541984732824416
1231,2021-12-20,2615,2635,2540,2560,219331,-0.032136105860113395
1232,2021-12-21,2565,2575,2485,2565,195136,0.001953125
1233,2021-12-22,2560,2610,2550,2585,111290,0.007797270955165692
1234,2021-12-23,2585,2645,2575,2595,142419,0.003868471953578423
1235,2021-12-24,2595,2650,2580,2630,165498,0.01348747591522148
1236,2021-12-27,2670,2730,2650,2680,249316,0.019011406844106515
1237,2021-12-28,2670,2680,2640,2645,125333,-0.013059701492537323
1238,2021-12-29,2630,2700,2630,2675,100539,0.011342155009451904
1239,2021-12-30,2675,2735,2665,2675,112396,0.0
1240,2022-01-03,2650,2750,2650,2730,213242,0.020560747663551426
1241,2022-01-04,2750,2765,2705,2730,139685,0.0
1242,2022-01-05,2735,2750,2690,2715,128508,-0.005494505494505475
1243,2022-01-06,2680,2720,2650,2660,183746,-0.02025782688766109
1244,2022-01-07,2705,2950,2670,2805,2207056,0.05451127819548862
1245,2022-01-10,2805,2945,2770,2885,825436,0.028520499108734443
1246,2022-01-11,2840,2845,2725,2765,574119,-0.04159445407279028
1247,2022-01-12,2770,2785,2740,2760,172312,-0.001808318264014508
1248,2022-01-13,2760,2795,2670,2715,264259,-0.016304347826086918
1249,2022-01-14,2700,2860,2675,2730,466206,0.005524861878453136
1250,2022-01-17,2730,2730,2610,2625,245074,-0.038461538461538436
1251,2022-01-18,2660,2880,2605,2605,1447971,-0.007619047619047636
1252,2022-01-19,2570,2650,2525,2535,228472,-0.026871401151631447
1253,2022-01-20,2535,2805,2495,2620,1066822,0.0335305719921104
1254,2022-01-21,2660,2690,2595,2620,328172,0.0
1255,2022-01-24,2675,2750,2505,2510,552775,-0.041984732824427495
1256,2022-01-25,2505,2565,2295,2295,490079,-0.08565737051792832
1257,2022-01-26,2275,2395,2275,2330,248985,0.015250544662309462
1258,2022-01-27,2320,2345,2225,2255,210996,-0.03218884120171672
1259,2022-01-28,2270,2365,2255,2360,220397,0.04656319290465638
1260,2022-02-03,2375,2475,2375,2440,142088,0.03389830508474567
1261,2022-02-04,2445,2465,2400,2455,153390,0.006147540983606481
1262,2022-02-07,2505,2510,2435,2505,134124,0.020366598778004175
1263,2022-02-08,2495,2570,2475,2515,251286,0.003992015968063978
1264,2022-02-09,2565,2625,2540,2585,215146,0.027833001988071482
1265,2022-02-10,2605,2605,2515,2525,119778,-0.023210831721469982
1266,2022-02-11,2480,2550,2435,2550,169851,0.00990099009900991
1267,2022-02-14,2480,2480,2360,2380,225648,-0.06666666666666665
1268,2022-02-15,2380,2425,2305,2325,174735,-0.02310924369747902
1269,2022-02-16,2375,2455,2375,2450,143443,0.053763440860215006
1270,2022-02-17,2465,2515,2380,2490,245741,0.01632653061224487
1271,2022-02-18,2450,2525,2415,2510,118133,0.008032128514056325
1272,2022-02-21,2485,2565,2430,2535,266338,0.009960159362549792
1273,2022-02-22,2490,2530,2450,2460,135050,-0.029585798816568087
1274,2022-02-23,2460,2515,2440,2475,89304,0.0060975609756097615
1275,2022-02-24,2470,2470,2315,2335,213363,-0.0565656565656566
1276,2022-02-25,2395,2415,2335,2370,145455,0.01498929336188426
1277,2022-02-28,2370,2440,2370,2440,148195,0.029535864978903037
1278,2022-03-02,2535,2570,2465,2485,378724,0.018442622950819665
1279,2022-03-03,2505,2555,2500,2530,168710,0.01810865191146882
1280,2022-03-04,2590,2590,2485,2555,185050,0.009881422924901129
1281,2022-03-07,2505,2540,2470,2470,171262,-0.0332681017612525
1282,2022-03-08,2430,2470,2400,2425,131656,-0.018218623481781382
1283,2022-03-10,2440,2500,2440,2495,91922,0.028865979381443196
1284,2022-03-11,2500,2585,2500,2585,199004,0.03607214428857719
1285,2022-03-14,2610,2650,2550,2630,239206,0.01740812379110257
1286,2022-03-15,2610,2635,2555,2570,155472,-0.02281368821292773
1287,2022-03-16,2585,2615,2560,2600,134367,0.011673151750972721
1288,2022-03-17,2605,2670,2600,2665,278051,0.02499999999999991
1289,2022-03-18,2665,2720,2635,2700,219257,0.013133208255159401
1290,2022-03-21,2715,2730,2670,2675,238948,-0.0092592592592593
1291,2022-03-22,2675,2735,2670,2730,241469,0.020560747663551426
1292,2022-03-23,2730,2750,2655,2695,214580,-0.012820512820512775
1293,2022-03-24,2670,2750,2655,2720,282823,0.00927643784786647
1294,2022-03-25,2740,2760,2710,2710,181201,-0.003676470588235281
1295,2022-03-28,2710,2755,2675,2740,185821,0.011070110701107083
1296,2022-03-29,2710,2775,2710,2715,244298,-0.009124087591240837
1297,2022-03-30,2745,2835,2705,2760,491100,0.016574585635359185
1298,2022-03-31,2745,2780,2740,2770,199406,0.0036231884057971175
1299,2022-04-01,2745,2800,2740,2780,258715,0.0036101083032491488
1300,2022-04-04,2850,2855,2785,2825,386257,0.01618705035971213
1301,2022-04-05,2840,2845,2785,2810,211152,-0.005309734513274322
1302,2022-04-06,2835,2835,2725,2745,310940,-0.02313167259786475
1303,2022-04-07,2745,2750,2605,2615,239417,-0.04735883424408016
1304,2022-04-08,2630,2660,2575,2640,138666,0.009560229445506607
1305,2022-04-11,2600,2655,2580,2580,126825,-0.022727272727272707
1306,2022-04-12,2530,2600,2500,2545,157112,-0.013565891472868241
1307,2022-04-13,2540,2605,2525,2580,87350,0.013752455795677854
1308,2022-04-14,2605,2615,2570,2570,118496,-0.003875968992248069
1309,2022-04-15,2570,2570,2520,2540,63434,-0.011673151750972721
1310,2022-04-18,2510,2555,2510,2530,89431,-0.003937007874015741
1311,2022-04-19,2520,2585,2505,2575,125743,0.01778656126482203
1312,2022-04-20,2625,2665,2565,2600,192663,0.009708737864077666
1313,2022-04-21,2610,2645,2610,2630,74570,0.011538461538461497
1314,2022-04-22,2620,2620,2545,2585,115792,-0.017110266159695797
1315,2022-04-25,2560,2585,2500,2500,176267,-0.03288201160541582
1316,2022-04-26,2500,2600,2500,2535,180963,0.014000000000000012
1317,2022-04-27,2520,2520,2460,2500,117149,-0.013806706114398382
1318,2022-04-28,2500,2545,2485,2515,96936,0.006000000000000005
1319,2022-04-29,2520,2575,2520,2545,66683,0.011928429423459175
1320,2022-05-02,2540,2640,2495,2635,175275,0.035363457760314354
1321,2022-05-03,2625,2700,2600,2655,386581,0.007590132827324458
1322,2022-05-04,2670,2670,2600,2620,125316,-0.013182674199623379
1323,2022-05-06,2550,2690,2550,2680,326465,0.022900763358778553
1324,2022-05-09,2640,2790,2630,2735,697949,0.020522388059701413
1325,2022-05-10,2750,2820,2655,2820,998722,0.031078610603290757
1326,2022-05-11,2835,2875,2735,2775,1674077,-0.015957446808510634
1327,2022-05-12,2770,2775,2545,2560,742616,-0.07747747747747746
1328,2022-05-13,2575,2605,2515,2550,250850,-0.00390625
1329,2022-05-16,2545,2580,2530,2540,158141,-0.0039215686274509665
