,Date,Open,High,Low,Close,Volume,Change
0,2018-12-05,2164,2175,2153,2159,822312,
1,2018-12-06,2159,2164,2153,2159,74434,0.0
2,2018-12-07,2164,2175,2159,2165,93897,0.0027790643816580918
3,2018-12-10,2169,2180,2164,2175,81269,0.004618937644341736
4,2018-12-11,2175,2180,2159,2181,32659,0.0027586206896552667
5,2018-12-12,2164,2175,2164,2165,14789,-0.007336084364970241
6,2018-12-13,2164,2180,2164,2175,25047,0.004618937644341736
7,2018-12-14,2164,2175,2164,2175,785,0.0
8,2018-12-17,2164,2164,2159,2165,13378,-0.0045977011494252595
9,2018-12-18,2159,2169,2159,2170,10702,0.002309468822170979
10,2018-12-19,2164,2169,2159,2170,4713,0.0
11,2018-12-20,2164,2164,2159,2165,2400,-0.0023041474654378336
12,2018-12-21,2153,2164,2153,2165,218,0.0
13,2018-12-24,2175,2175,2164,2175,6708,0.004618937644341736
14,2018-12-26,2175,2175,2175,2175,5,0.0
15,2018-12-27,2169,2169,2169,2170,3282,-0.0022988505747126853
16,2018-12-28,2159,2175,2159,2175,761,0.0023041474654377225
17,2019-01-02,2159,2159,2159,2159,1,-0.007356321839080415
18,2019-01-03,2164,2164,2164,2165,221,0.0027790643816580918
19,2019-01-04,2169,2169,2169,2170,717,0.002309468822170979
20,2019-01-07,2159,2159,2159,2159,1,-0.005069124423963123
21,2019-01-08,2164,2164,2159,2159,2182,0.0
22,2019-01-09,2153,2153,2153,2154,1,-0.0023158869847151875
23,2019-01-10,2159,2164,2159,2165,1269,0.005106778087279551
24,2019-01-11,2164,2164,2164,2165,2596,0.0
25,2019-01-14,2164,2164,2164,2165,7693,0.0
26,2019-01-15,2180,2180,2175,2175,5901,0.004618937644341736
27,2019-01-16,2164,2186,2164,2170,3,-0.0022988505747126853
28,2019-01-17,2186,2186,2169,2170,2,0.0
29,2019-01-18,2175,2186,2175,2186,301,0.007373271889400845
30,2019-01-21,2180,2180,2180,2181,100,-0.0022872827081427127
31,2019-01-22,2180,2186,2175,2175,505,-0.0027510316368638543
32,2019-01-23,2196,2196,2180,2197,15934,0.010114942528735682
33,2019-01-24,2191,2196,2169,2170,19165,-0.01228948566226673
34,2019-01-25,2169,2169,2169,2170,0,0.0
35,2019-01-28,2169,2175,2169,2175,2171,0.0023041474654377225
36,2019-01-29,2175,2196,2175,2197,1203,0.010114942528735682
37,2019-01-30,2191,2196,2191,2197,5420,0.0
38,2019-01-31,2196,2202,2196,2202,553,0.002275830678197588
39,2019-02-01,2202,2250,2202,2250,300,0.021798365122615904
40,2019-02-07,2239,2239,2239,2240,0,-0.004444444444444473
41,2019-02-08,2196,2234,2196,2234,101,-0.002678571428571419
42,2019-02-11,2228,2228,2218,2218,1446,-0.0071620411817368
43,2019-02-12,2212,2212,2212,2213,0,-0.0022542831379621653
44,2019-02-13,2212,2212,2212,2213,237,0.0
45,2019-02-14,2212,2239,2212,2240,2,0.012200632625395391
46,2019-02-15,2175,2223,2175,2224,5002,-0.0071428571428571175
47,2019-02-18,2223,2223,2223,2224,4697,0.0
48,2019-02-19,2223,2223,2223,2224,0,0.0
49,2019-02-20,2223,2223,2223,2224,0,0.0
50,2019-02-21,2223,2223,2223,2224,0,0.0
51,2019-02-22,2218,2218,2218,2218,0,-0.0026978417266186883
52,2019-02-25,2218,2218,2218,2218,0,0.0
53,2019-02-26,2212,2212,2212,2213,0,-0.0022542831379621653
54,2019-02-27,2212,2212,2212,2213,0,0.0
55,2019-02-28,2212,2212,2212,2213,0,0.0
56,2019-03-04,2175,2212,2175,2186,6862,-0.012200632625395391
57,2019-03-05,2196,2196,2196,2197,760,0.005032021957914079
58,2019-03-06,2196,2196,2196,2197,0,0.0
59,2019-03-07,2191,2196,2191,2197,770,0.0
60,2019-03-08,2218,2218,2218,2218,1,0.009558488848429691
61,2019-03-11,2218,2218,2186,2207,8102,-0.004959422903516697
62,2019-03-12,2191,2212,2191,2213,4838,0.00271862256456723
63,2019-03-13,2212,2223,2212,2224,2195,0.004970628106642616
64,2019-03-14,2228,2228,2207,2224,452,0.0
65,2019-03-15,2271,2271,2207,2240,4,0.007194244604316502
66,2019-03-18,2271,2271,2196,2207,282,-0.01473214285714286
67,2019-03-19,2207,2234,2207,2218,1854,0.004984141368373329
68,2019-03-20,2218,2218,2218,2218,0,0.0
69,2019-03-21,2250,2250,2234,2234,2150,0.007213706041478751
70,2019-03-22,2218,2218,2218,2218,33633,-0.0071620411817368
71,2019-03-25,2223,2223,2223,2224,1,0.0027051397655546428
72,2019-03-26,2234,2234,2234,2234,1,0.004496402877697925
73,2019-03-27,2153,2228,2153,2229,8058,-0.0022381378692927223
74,2019-03-28,2271,2271,2218,2272,5434,0.019291161956034086
75,2019-03-29,2250,2255,2250,2250,2590,-0.009683098591549255
76,2019-04-01,2250,2250,2250,2250,0,0.0
77,2019-04-02,2244,2244,2244,2245,678,-0.0022222222222222365
78,2019-04-03,2244,2255,2244,2245,9952,0.0
79,2019-04-04,2250,2250,2250,2250,3768,0.00222717149220486
80,2019-04-05,2244,2261,2244,2261,4751,0.004888888888888943
81,2019-04-08,2277,2277,2250,2250,10222,-0.0048651039363113435
82,2019-04-09,2255,2277,2250,2277,4521,0.01200000000000001
83,2019-04-10,2271,2277,2271,2272,5012,-0.002195871761089152
84,2019-04-11,2330,2330,2282,2282,495,0.004401408450704247
85,2019-04-12,2282,2282,2282,2282,1000,0.0
86,2019-04-15,2282,2298,2282,2299,1792,0.0074496056091148954
87,2019-04-16,2298,2298,2298,2299,0,0.0
88,2019-04-17,2298,2298,2212,2272,16991,-0.01174423662461943
89,2019-04-18,2293,2293,2261,2288,3921,0.007042253521126751
90,2019-04-19,2282,2282,2282,2282,0,-0.002622377622377603
91,2019-04-22,2282,2282,2282,2282,3,0.0
92,2019-04-23,2202,2282,2202,2282,8,0.0
93,2019-04-24,2277,2277,2277,2277,0,-0.002191060473269113
94,2019-04-25,2271,2277,2271,2277,1043,0.0
95,2019-04-26,2287,2287,2277,2288,26454,0.004830917874396157
96,2019-04-29,2271,2287,2271,2272,4941,-0.006993006993006978
97,2019-04-30,2287,2287,2271,2272,2,0.0
98,2019-05-02,2271,2271,2271,2272,1,0.0
99,2019-05-03,2271,2293,2271,2272,32106,0.0
100,2019-05-07,2346,2346,2266,2304,16779,0.014084507042253502
101,2019-05-08,2330,2330,2255,2272,2027,-0.01388888888888884
102,2019-05-09,2303,2336,2261,2299,24250,0.01188380281690149
103,2019-05-10,2373,2373,2298,2325,23173,0.011309264897781723
104,2019-05-13,2341,2341,2298,2304,559,-0.00903225806451613
105,2019-05-14,2352,2352,2320,2341,10003,0.01605902777777768
106,2019-05-15,2357,2357,2314,2341,591,0.0
107,2019-05-16,2352,2352,2303,2347,2201,0.002563007261853878
108,2019-05-17,2341,2341,2320,2341,2102,-0.002556455048998707
109,2019-05-20,2352,2352,2352,2352,10,0.004698846646732147
110,2019-05-21,2352,2352,2314,2352,743,0.0
111,2019-05-22,2271,2352,2271,2352,532,0.0
112,2019-05-23,2352,2352,2352,2352,100,0.0
113,2019-05-24,2357,2357,2298,2352,535,0.0
114,2019-05-27,2346,2346,2346,2347,0,-0.002125850340136015
115,2019-05-28,2298,2298,2293,2293,9657,-0.023008095440988474
116,2019-05-29,2293,2293,2293,2293,5302,0.0
117,2019-05-30,2293,2293,2293,2293,0,0.0
118,2019-05-31,2293,2293,2293,2293,0,0.0
119,2019-06-03,2298,2298,2298,2299,0,0.0026166593981682418
120,2019-06-04,2346,2346,2293,2293,23556,-0.002609830361026577
121,2019-06-05,2293,2330,2266,2272,219897,-0.00915830789358918
122,2019-06-07,2357,2357,2271,2272,2105,0.0
123,2019-06-10,2293,2352,2266,2266,28764,-0.002640845070422504
124,2019-06-11,2373,2373,2282,2288,4014,0.009708737864077666
125,2019-06-12,2352,2352,2287,2320,146,0.013986013986013957
126,2019-06-13,2346,2346,2271,2282,3771,-0.016379310344827536
127,2019-06-14,2282,2325,2282,2320,7182,0.016652059596844904
128,2019-06-17,2378,2378,2287,2336,556,0.006896551724137945
129,2019-06-18,2373,2373,2314,2352,6046,0.006849315068493178
130,2019-06-19,2389,2389,2309,2368,109,0.006802721088435382
131,2019-06-20,2395,2395,2303,2304,11019,-0.027027027027026973
132,2019-06-21,2352,2352,2298,2336,5013,0.01388888888888884
133,2019-06-24,2384,2384,2287,2315,890,-0.008989726027397227
134,2019-06-25,2293,2314,2282,2282,7658,-0.014254859611231074
135,2019-06-26,2314,2314,2282,2309,321,0.0118317265556529
136,2019-06-27,2287,2303,2282,2304,2820,-0.002165439584235651
137,2019-06-28,2303,2303,2277,2293,7249,-0.00477430555555558
138,2019-07-01,2336,2336,2271,2282,12783,-0.004797208896641925
139,2019-07-02,2320,2320,2271,2315,10651,0.01446099912357579
140,2019-07-03,2336,2336,2336,2336,10,0.009071274298056098
141,2019-07-04,2277,2325,2271,2325,11236,-0.004708904109589018
142,2019-07-05,2325,2325,2282,2325,8949,0.0
143,2019-07-08,2287,2352,2282,2325,3449,0.0
144,2019-07-09,2287,2341,2282,2336,9301,0.004731182795698841
145,2019-07-10,2336,2336,2336,2336,150,0.0
146,2019-07-11,2330,2341,2330,2341,9376,0.0021404109589040488
147,2019-07-12,2341,2341,2309,2336,504,-0.0021358393848782686
148,2019-07-15,2336,2336,2336,2336,0,0.0
149,2019-07-16,2325,2325,2325,2325,5,-0.004708904109589018
150,2019-07-17,2330,2330,2325,2325,720,0.0
151,2019-07-18,2320,2325,2314,2325,1421,0.0
152,2019-07-19,2336,2357,2325,2358,14453,0.014193548387096744
153,2019-07-22,2357,2389,2346,2390,4458,0.013570822731127974
154,2019-07-23,2373,2384,2373,2384,1353,-0.002510460251046065
155,2019-07-24,2389,2389,2378,2384,530,0.0
156,2019-07-25,2389,2389,2373,2379,3899,-0.002097315436241587
157,2019-07-26,2389,2411,2368,2411,2422,0.01345102984447255
158,2019-07-29,2459,2459,2314,2336,4529,-0.031107424305267473
159,2019-07-30,2357,2357,2346,2347,259,0.004708904109589129
160,2019-07-31,2368,2368,2287,2358,34,0.0046868342564976295
161,2019-08-01,2373,2448,2362,2379,6567,0.008905852417302906
162,2019-08-02,2378,2389,2314,2352,3513,-0.011349306431273631
163,2019-08-05,2336,2352,2298,2331,2054,-0.008928571428571397
164,2019-08-06,2453,2453,2325,2374,2799,0.01844701844701846
165,2019-08-07,2373,2373,2330,2336,1231,-0.01600673967986521
166,2019-08-08,2336,2427,2336,2411,798,0.03210616438356162
167,2019-08-09,2362,2362,2336,2336,2149,-0.031107424305267473
168,2019-08-12,2405,2405,2389,2390,12,0.023116438356164393
169,2019-08-13,2389,2443,2314,2315,2248,-0.03138075313807531
170,2019-08-14,2357,2357,2357,2358,10,0.018574514038876888
171,2019-08-16,2346,2346,2346,2347,0,-0.00466497031382529
172,2019-08-19,2357,2357,2309,2309,317,-0.016190881976991922
173,2019-08-20,2357,2357,2352,2352,63,0.01862278042442611
174,2019-08-21,2357,2357,2223,2336,746,-0.006802721088435382
175,2019-08-22,2250,2325,2250,2325,222,-0.004708904109589018
176,2019-08-23,2325,2336,2325,2336,2,0.004731182795698841
177,2019-08-26,2271,2400,2271,2358,326,0.009417808219178037
178,2019-08-27,2416,2416,2341,2347,21,-0.00466497031382529
179,2019-08-28,2352,2411,2352,2395,514,0.020451640391989878
180,2019-08-29,2421,2421,2277,2363,841,-0.013361169102296455
181,2019-08-30,2389,2389,2309,2336,61,-0.011426153195090993
182,2019-09-02,2368,2368,2266,2315,11270,-0.008989726027397227
183,2019-09-03,2303,2336,2303,2304,17909,-0.004751619870410395
184,2019-09-04,2282,2352,2282,2341,8287,0.01605902777777768
185,2019-09-05,2287,2357,2287,2293,1097,-0.020504058094831246
186,2019-09-06,2250,2336,2250,2331,1067,0.016572176188399457
187,2019-09-09,2389,2389,2266,2390,1558,0.02531102531102536
188,2019-09-10,2303,2357,2303,2358,5146,-0.013389121338912124
189,2019-09-11,2384,2384,2384,2384,10,0.011026293469041493
190,2019-09-16,2336,2378,2336,2358,3082,-0.01090604026845643
191,2019-09-17,2341,2357,2336,2336,5495,-0.00932994062765058
192,2019-09-18,2400,2400,2314,2352,1683,0.006849315068493178
193,2019-09-19,2357,2357,2303,2347,89,-0.002125850340136015
194,2019-09-20,2352,2357,2341,2341,3131,-0.002556455048998707
195,2019-09-23,2357,2357,2320,2358,21,0.0072618539085860245
196,2019-09-24,2357,2357,2357,2358,0,0.0
197,2019-09-25,2357,2357,2357,2358,0,0.0
198,2019-09-26,2357,2357,2357,2358,10,0.0
199,2019-09-27,2395,2395,2314,2358,120,0.0
200,2019-09-30,2389,2389,2320,2320,81,-0.016115351993214566
201,2019-10-01,2314,2395,2314,2363,115,0.018534482758620685
202,2019-10-02,2352,2352,2352,2352,30,-0.004655099449851874
203,2019-10-04,2352,2352,2352,2352,1,0.0
204,2019-10-07,2389,2389,2282,2282,1388,-0.029761904761904767
205,2019-10-08,2346,2346,2293,2320,596,0.016652059596844904
206,2019-10-10,2282,2320,2277,2304,8234,-0.006896551724137945
207,2019-10-11,2261,2325,2261,2325,2489,0.00911458333333326
208,2019-10-14,2325,2325,2325,2325,0,0.0
209,2019-10-15,2244,2320,2244,2320,2,-0.0021505376344086446
210,2019-10-16,2320,2320,2320,2320,50,0.0
211,2019-10-17,2282,2282,2282,2282,0,-0.016379310344827536
212,2019-10-18,2282,2282,2282,2282,50,0.0
213,2019-10-21,2282,2282,2282,2282,0,0.0
214,2019-10-22,2330,2330,2330,2331,1,0.021472392638036908
215,2019-10-23,2325,2325,2325,2325,0,-0.002574002574002532
216,2019-10-24,2266,2325,2266,2325,5,0.0
217,2019-10-25,2320,2320,2320,2320,0,-0.0021505376344086446
218,2019-10-28,2309,2309,2309,2309,1,-0.004741379310344795
219,2019-10-29,2250,2303,2212,2261,3712,-0.020788220008661762
220,2019-10-30,2303,2303,2239,2277,6,0.0070765148164528835
221,2019-10-31,2298,2298,2239,2288,67,0.004830917874396157
222,2019-11-01,2239,2239,2239,2240,0,-0.020979020979020935
223,2019-11-04,2228,2277,2228,2229,154,-0.004910714285714324
224,2019-11-05,2218,2266,2218,2240,182,0.004934948407357531
225,2019-11-06,2261,2287,2261,2277,297,0.01651785714285725
226,2019-11-07,2287,2287,2223,2277,28,0.0
227,2019-11-08,2282,2282,2266,2266,37,-0.004830917874396157
228,2019-11-11,2320,2320,2239,2261,66,-0.0022065313327449543
229,2019-11-12,2277,2277,2277,2277,10,0.0070765148164528835
230,2019-11-13,2293,2293,2293,2293,10,0.007026789635485198
231,2019-11-14,2298,2298,2250,2293,772,0.0
232,2019-11-15,2250,2287,2244,2288,4759,-0.002180549498473572
233,2019-11-18,2282,2282,2282,2282,0,-0.002622377622377603
234,2019-11-19,2277,2277,2277,2277,0,-0.002191060473269113
235,2019-11-20,2287,2287,2277,2288,149,0.004830917874396157
236,2019-11-21,2287,2287,2282,2282,148,-0.002622377622377603
237,2019-11-22,2282,2287,2239,2272,198,-0.004382120946538115
238,2019-11-25,2271,2271,2266,2266,153,-0.002640845070422504
239,2019-11-26,2271,2271,2218,2218,7153,-0.02118270079435125
240,2019-11-27,2266,2266,2266,2266,10,0.021641118124436476
241,2019-11-28,2271,2282,2266,2266,274,0.0
242,2019-11-29,2223,2287,2196,2224,58171,-0.01853486319505737
243,2019-12-02,2223,2255,2223,2245,1076,0.009442446043165464
244,2019-12-03,2271,2271,2250,2256,1083,0.004899777282850737
245,2019-12-04,2277,2277,2261,2261,1085,0.002216312056737557
246,2019-12-05,2282,2282,2266,2266,315,0.002211410880141429
247,2019-12-06,2282,2282,2250,2256,1149,-0.0044130626654897975
248,2019-12-09,2239,2239,2218,2218,1261,-0.016843971631205656
249,2019-12-10,2277,2277,2207,2256,2484,0.017132551848512145
250,2019-12-11,2223,2250,2223,2245,2975,-0.004875886524822737
251,2019-12-12,2234,2234,2234,2234,0,-0.004899777282850737
252,2019-12-13,2266,2266,2207,2240,2917,0.0026857654431513556
253,2019-12-16,2266,2266,2223,2224,115,-0.0071428571428571175
254,2019-12-17,2261,2261,2207,2213,157,-0.004946043165467651
255,2019-12-18,2212,2250,2212,2234,103,0.009489380930863156
256,2019-12-19,2261,2261,2191,2224,2431,-0.004476275738585445
257,2019-12-20,2228,2228,2186,2186,3131,-0.017086330935251803
258,2019-12-23,2223,2223,2180,2202,11765,0.007319304666056681
259,2019-12-24,2207,2207,2207,2207,1,0.002270663033605791
260,2019-12-26,2175,2223,2175,2213,133,0.00271862256456723
261,2019-12-27,2218,2218,2207,2207,3,-0.002711251694532346
262,2019-12-30,2212,2212,2175,2207,3279,0.0
263,2020-01-02,2207,2207,2202,2202,2,-0.002265518803806099
264,2020-01-03,2202,2212,2202,2213,2,0.004995458673932696
265,2020-01-06,2202,2218,2180,2213,1381,0.0
266,2020-01-07,2202,2223,2180,2191,3418,-0.009941256213285121
267,2020-01-08,2202,2202,2175,2191,4507,0.0
268,2020-01-09,2196,2196,2180,2191,594,0.0
269,2020-01-10,2191,2191,2191,2191,0,0.0
270,2020-01-13,2175,2191,2175,2191,1761,0.0
271,2020-01-14,2175,2191,2164,2191,7817,0.0
272,2020-01-15,2180,2191,2180,2191,1001,0.0
273,2020-01-16,2180,2191,2180,2191,7127,0.0
274,2020-01-17,2180,2191,2180,2181,1049,-0.0045641259698767644
275,2020-01-20,2186,2186,2180,2186,2363,0.0022925263640531934
276,2020-01-21,2191,2191,2180,2191,17,0.0022872827081428238
277,2020-01-22,2191,2191,2191,2191,1,0.0
278,2020-01-23,2191,2191,2180,2191,845,0.0
279,2020-01-28,2191,2191,2191,2191,0,0.0
280,2020-01-29,2191,2218,2191,2213,3750,0.010041077133728926
281,2020-01-30,2218,2218,2180,2213,12,0.0
282,2020-01-31,2202,2212,2180,2213,1266,0.0
283,2020-02-03,2228,2228,2191,2207,513,-0.002711251694532346
284,2020-02-04,2207,2207,2169,2202,3630,-0.002265518803806099
285,2020-02-05,2207,2207,2207,2207,13,0.002270663033605791
286,2020-02-06,2175,2186,2175,2186,766,-0.009515178975985528
287,2020-02-07,2202,2202,2202,2202,10,0.007319304666056681
288,2020-02-10,2202,2202,2202,2202,0,0.0
289,2020-02-11,2207,2207,2186,2202,12,0.0
290,2020-02-12,2202,2212,2175,2213,36687,0.004995458673932696
291,2020-02-13,2212,2212,2186,2207,364,-0.002711251694532346
292,2020-02-14,2202,2207,2180,2207,1049,0.0
293,2020-02-17,2202,2234,2186,2207,16969,0.0
294,2020-02-18,2228,2228,2202,2229,4322,0.009968282736746659
295,2020-02-19,2228,2228,2218,2229,223,0.0
296,2020-02-20,2196,2228,2180,2229,1856,0.0
297,2020-02-21,2207,2234,2202,2229,8711,0.0
298,2020-02-24,2228,2228,2207,2224,108,-0.0022431583669807464
299,2020-02-25,2191,2218,2175,2207,19035,-0.007643884892086339
300,2020-02-26,2202,2228,2180,2218,8098,0.004984141368373329
301,2020-02-27,2228,2228,2228,2229,10,0.004959422903516586
302,2020-02-28,2228,2228,2191,2229,9871,0.0
303,2020-03-02,2207,2223,2202,2207,2196,-0.009869896814715173
304,2020-03-03,2196,2223,2186,2213,7974,0.00271862256456723
305,2020-03-04,2223,2223,2212,2213,11,0.0
306,2020-03-05,2223,2223,2218,2218,151,0.002259376412110159
307,2020-03-06,2191,2212,2191,2213,70,-0.0022542831379621653
308,2020-03-09,2196,2207,2191,2191,935,-0.009941256213285121
309,2020-03-10,2223,2223,2186,2207,132,0.007302601551802734
310,2020-03-11,2218,2218,2164,2197,50175,-0.004531037607612198
311,2020-03-12,2223,2223,2159,2181,23901,-0.007282658170232104
312,2020-03-13,2180,2223,2159,2181,47778,0.0
313,2020-03-16,2207,2207,2169,2191,23,0.004585052728106387
314,2020-03-17,2153,2196,2148,2175,39153,-0.007302601551802845
315,2020-03-18,2186,2186,2159,2181,980,0.0027586206896552667
316,2020-03-19,2191,2191,2143,2149,5147,-0.014672168729940371
317,2020-03-20,2143,2148,2137,2143,7873,-0.0027919962773382823
318,2020-03-23,2143,2143,2116,2143,7569,0.0
319,2020-03-24,2143,2143,2127,2143,4,0.0
320,2020-03-25,2143,2143,2132,2143,15497,0.0
321,2020-03-26,2143,2159,2143,2154,15280,0.005132991133924403
322,2020-03-27,2164,2164,2164,2165,1,0.005106778087279551
323,2020-03-30,2159,2164,2153,2159,1503,-0.0027713625866050418
324,2020-03-31,2164,2164,2164,2165,1,0.0027790643816580918
325,2020-04-01,2164,2186,2143,2175,353,0.004618937644341736
326,2020-04-02,2169,2169,2143,2165,20163,-0.0045977011494252595
327,2020-04-03,2164,2164,2148,2165,1166,0.0
328,2020-04-06,2148,2164,2148,2165,11,0.0
329,2020-04-07,2148,2164,2148,2165,3396,0.0
330,2020-04-08,2159,2169,2148,2170,2683,0.002309468822170979
331,2020-04-09,2175,2175,2164,2165,110,-0.0023041474654378336
332,2020-04-10,2169,2169,2169,2170,10,0.002309468822170979
333,2020-04-13,2153,2175,2153,2170,974,0.0
334,2020-04-14,2159,2175,2159,2175,1612,0.0023041474654377225
335,2020-04-16,2153,2175,2153,2175,1334,0.0
336,2020-04-17,2159,2175,2159,2170,1439,-0.0022988505747126853
337,2020-04-20,2153,2180,2153,2175,3960,0.0023041474654377225
338,2020-04-21,2180,2180,2169,2181,2611,0.0027586206896552667
339,2020-04-22,2169,2169,2153,2170,1105,-0.005043558000917048
340,2020-04-23,2180,2180,2180,2181,10,0.005069124423963123
341,2020-04-24,2159,2175,2153,2170,1710,-0.005043558000917048
342,2020-04-27,2153,2180,2148,2170,3343,0.0
343,2020-04-28,2180,2180,2153,2175,349,0.0023041474654377225
344,2020-04-29,2175,2175,2175,2175,0,0.0
345,2020-05-04,2148,2180,2148,2175,736,0.0
346,2020-05-06,2175,2175,2175,2175,799,0.0
347,2020-05-07,2169,2180,2169,2181,1766,0.0027586206896552667
348,2020-05-08,2180,2180,2169,2181,844,0.0
349,2020-05-11,2180,2186,2180,2186,896,0.0022925263640531934
350,2020-05-12,2153,2186,2153,2159,306,-0.01235132662397076
351,2020-05-13,2153,2186,2153,2186,322,0.012505789717461857
352,2020-05-14,2159,2186,2159,2186,351,0.0
353,2020-05-15,2164,2186,2164,2186,350,0.0
354,2020-05-18,2164,2186,2164,2186,351,0.0
355,2020-05-19,2164,2186,2164,2186,6,0.0
356,2020-05-20,2186,2186,2180,2181,22,-0.0022872827081427127
357,2020-05-21,2186,2191,2186,2191,383,0.004585052728106387
358,2020-05-22,2164,2191,2164,2186,117,-0.0022820629849383822
359,2020-05-25,2191,2191,2153,2186,10021,0.0
360,2020-05-26,2180,2186,2180,2181,2000,-0.0022872827081427127
361,2020-05-27,2191,2191,2186,2186,43,0.0022925263640531934
362,2020-05-28,2186,2186,2186,2186,1,0.0
363,2020-05-29,2191,2191,2191,2191,1,0.0022872827081428238
364,2020-06-01,2186,2186,2180,2181,2,-0.0045641259698767644
365,2020-06-02,2186,2191,2175,2191,550,0.004585052728106387
366,2020-06-03,2191,2191,2180,2186,307,-0.0022820629849383822
367,2020-06-04,2180,2186,2175,2175,3953,-0.005032021957913968
368,2020-06-05,2186,2186,2169,2170,2021,-0.0022988505747126853
369,2020-06-08,2191,2191,2175,2181,1602,0.005069124423963123
370,2020-06-09,2191,2196,2186,2191,11002,0.004585052728106387
371,2020-06-10,2180,2196,2175,2186,3414,-0.0022820629849383822
372,2020-06-11,2175,2186,2175,2186,5635,0.0
373,2020-06-12,2191,2191,2180,2191,597,0.0022872827081428238
374,2020-06-15,2191,2191,2175,2186,2846,-0.0022820629849383822
375,2020-06-16,2191,2191,2164,2165,31606,-0.009606587374199504
376,2020-06-17,2191,2191,2175,2175,4406,0.004618937644341736
377,2020-06-18,2191,2191,2169,2181,770,0.0027586206896552667
378,2020-06-19,2186,2186,2164,2181,32045,0.0
379,2020-06-22,2164,2186,2164,2175,8124,-0.0027510316368638543
380,2020-06-23,2175,2175,2159,2175,20986,0.0
381,2020-06-24,2159,2180,2159,2181,13586,0.0027586206896552667
382,2020-06-25,2164,2186,2164,2181,7174,0.0
383,2020-06-26,2175,2180,2175,2181,3622,0.0
384,2020-06-29,2191,2191,2186,2186,11,0.0022925263640531934
385,2020-06-30,2191,2191,2175,2181,2576,-0.0022872827081427127
386,2020-07-01,2180,2180,2175,2181,111,0.0
387,2020-07-02,2180,2180,2180,2181,1846,0.0
388,2020-07-03,2175,2186,2175,2186,7018,0.0022925263640531934
389,2020-07-06,2175,2175,2164,2165,9469,-0.009606587374199504
390,2020-07-07,2180,2180,2169,2175,111,0.004618937644341736
391,2020-07-08,2180,2180,2175,2181,4112,0.0027586206896552667
392,2020-07-09,2159,2180,2159,2181,1559,0.0
393,2020-07-10,2186,2186,2169,2170,1646,-0.005043558000917048
394,2020-07-13,2186,2186,2175,2175,699,0.0023041474654377225
395,2020-07-14,2191,2196,2180,2181,1612,0.0027586206896552667
396,2020-07-15,2180,2191,2180,2186,1854,0.0022925263640531934
397,2020-07-16,2186,2186,2186,2186,245,0.0
398,2020-07-17,2164,2223,2164,2224,2359,0.017383348581884617
399,2020-07-20,2218,2244,2218,2245,10463,0.009442446043165464
400,2020-07-21,2244,2250,2223,2245,7479,0.0
401,2020-07-22,2239,2239,2228,2240,3971,-0.00222717149220486
402,2020-07-23,2239,2250,2234,2250,10563,0.0044642857142858094
403,2020-07-24,2250,2255,2244,2256,4368,0.002666666666666595
404,2020-07-27,2250,2261,2250,2250,3621,-0.0026595744680850686
405,2020-07-28,2250,2266,2250,2266,3391,0.007111111111111068
406,2020-07-29,2255,2271,2218,2261,8392,-0.0022065313327449543
407,2020-07-30,2277,2277,2250,2266,1701,0.002211410880141429
408,2020-07-31,2255,2266,2255,2266,54,0.0
409,2020-08-03,2266,2266,2250,2256,314,-0.0044130626654897975
410,2020-08-04,2266,2266,2255,2266,1012,0.004432624113475114
411,2020-08-05,2250,2277,2239,2266,8135,0.0
412,2020-08-06,2266,2330,2261,2288,101506,0.009708737864077666
413,2020-08-07,2287,2330,2250,2320,19976,0.013986013986013957
414,2020-08-10,0,0,0,2320,0,0.0
415,2020-08-11,0,0,0,2320,0,0.0
416,2020-08-12,0,0,0,2320,0,0.0
417,2020-08-13,0,0,0,2320,0,0.0
418,2020-08-14,0,0,0,2320,0,0.0
419,2020-08-18,0,0,0,2320,0,0.0
420,2020-08-19,0,0,0,2320,0,0.0
421,2020-08-20,0,0,0,2320,0,0.0
422,2020-08-21,0,0,0,2320,0,0.0
423,2020-08-24,0,0,0,2320,0,0.0
424,2020-08-25,0,0,0,2320,0,0.0
425,2020-08-26,0,0,0,2320,0,0.0
426,2020-08-27,0,0,0,2320,0,0.0
427,2020-08-28,0,0,0,2320,0,0.0
428,2020-08-31,0,0,0,2320,0,0.0
429,2020-09-01,0,0,0,2320,0,0.0
430,2020-09-02,0,0,0,2320,0,0.0
431,2020-09-03,0,0,0,2320,0,0.0
432,2020-09-04,0,0,0,2320,0,0.0
433,2020-09-07,0,0,0,2320,0,0.0
434,2020-09-08,0,0,0,2320,0,0.0
435,2020-09-09,0,0,0,2320,0,0.0
436,2020-09-10,0,0,0,2320,0,0.0
437,2020-09-11,0,0,0,2320,0,0.0
438,2020-09-14,0,0,0,2320,0,0.0
439,2020-09-15,0,0,0,2320,0,0.0
440,2020-09-16,0,0,0,2320,0,0.0
441,2020-09-17,0,0,0,2320,0,0.0
442,2020-09-18,0,0,0,2320,0,0.0
443,2020-09-21,0,0,0,2320,0,0.0
444,2020-09-22,0,0,0,2320,0,0.0
445,2020-09-23,0,0,0,2320,0,0.0
446,2020-09-24,0,0,0,2320,0,0.0
447,2020-09-25,0,0,0,2320,0,0.0
448,2020-09-28,0,0,0,2320,0,0.0
449,2020-09-29,0,0,0,2320,0,0.0
450,2020-10-05,0,0,0,2320,0,0.0
451,2020-10-06,0,0,0,2320,0,0.0
452,2020-10-07,0,0,0,2320,0,0.0
453,2020-10-08,0,0,0,2320,0,0.0
454,2020-10-12,0,0,0,2320,0,0.0
455,2020-10-13,0,0,0,2320,0,0.0
456,2020-10-14,0,0,0,2320,0,0.0
457,2020-10-15,0,0,0,2320,0,0.0
458,2020-10-16,2320,2380,2155,2220,1021506,-0.0431034482758621
459,2020-10-19,2160,2220,2090,2100,354983,-0.05405405405405406
460,2020-10-20,2100,2120,2040,2095,109282,-0.0023809523809523725
461,2020-10-21,2140,2140,2080,2105,27525,0.004773269689737569
462,2020-10-22,2065,2105,2065,2100,19796,-0.002375296912114022
463,2020-10-23,2120,2120,2090,2120,16054,0.00952380952380949
464,2020-10-26,2130,2130,2080,2105,14060,-0.007075471698113178
465,2020-10-27,2070,2120,2070,2110,17816,0.002375296912114022
466,2020-10-28,2120,2120,2090,2115,12763,0.0023696682464455776
467,2020-10-29,2075,2115,2075,2095,30423,-0.009456264775413725
468,2020-10-30,2130,2130,2110,2115,2256,0.009546539379474916
469,2020-11-02,2135,2160,2125,2125,13650,0.004728132387706863
470,2020-11-03,2170,2185,2115,2125,55084,0.0
471,2020-11-04,2165,2165,2115,2140,16747,0.007058823529411784
472,2020-11-05,2115,2185,2115,2155,15428,0.007009345794392496
473,2020-11-06,2160,2175,2135,2160,17088,0.002320185614849146
474,2020-11-09,2160,2185,2110,2175,18218,0.00694444444444442
475,2020-11-10,2190,2210,2145,2190,25774,0.006896551724137945
476,2020-11-11,2195,2210,2165,2195,24297,0.0022831050228311334
477,2020-11-12,2160,2225,2160,2200,41366,0.002277904328018332
478,2020-11-13,2230,2230,2200,2205,60590,0.002272727272727204
479,2020-11-16,2235,2235,2200,2220,43627,0.006802721088435382
480,2020-11-17,2290,2305,2200,2225,191090,0.0022522522522523403
481,2020-11-18,2240,2240,2180,2235,89598,0.004494382022471877
482,2020-11-19,2235,2285,2195,2225,56634,-0.004474272930648726
483,2020-11-20,2215,2220,2195,2205,50935,-0.008988764044943864
484,2020-11-23,2205,2270,2185,2215,88739,0.0045351473922903285
485,2020-11-24,2210,2640,2210,2415,1408609,0.09029345372460496
486,2020-11-25,2400,2550,2355,2395,477862,-0.008281573498964856
487,2020-11-26,2395,2425,2320,2325,210790,-0.029227557411273475
488,2020-11-27,2325,2715,2325,2475,1480826,0.06451612903225801
489,2020-11-30,2465,2600,2435,2460,454098,-0.0060606060606061
490,2020-12-01,2460,2480,2385,2460,116653,0.0
491,2020-12-02,2465,2525,2430,2485,194327,0.010162601626016343
492,2020-12-03,2510,2510,2370,2415,287393,-0.028169014084507005
493,2020-12-04,2440,2440,2360,2360,111627,-0.022774327122153215
494,2020-12-07,2360,2435,2360,2395,60488,0.014830508474576343
495,2020-12-08,2395,2435,2380,2400,72980,0.0020876826722338038
496,2020-12-09,2430,2430,2365,2400,80984,0.0
497,2020-12-10,2405,2405,2370,2390,46178,-0.004166666666666652
498,2020-12-11,2470,2940,2400,2635,4441735,0.10251046025104604
499,2020-12-14,2645,2850,2610,2705,767628,0.026565464895635715
500,2020-12-15,2760,3035,2680,2835,1475310,0.04805914972273562
501,2020-12-16,2835,2970,2800,2930,775783,0.0335097001763669
502,2020-12-17,2950,3170,2950,3160,779625,0.07849829351535842
503,2020-12-18,3160,3440,3080,3280,666147,0.03797468354430378
504,2020-12-21,3455,3780,3335,3680,1328234,0.12195121951219523
505,2020-12-22,3745,4780,3730,4270,4775205,0.16032608695652173
506,2020-12-23,4100,4270,3870,4035,1076792,-0.05503512880562056
507,2020-12-24,4000,5010,3995,4695,2913607,0.16356877323420083
508,2020-12-28,4600,4685,4170,4315,815426,-0.08093716719914801
509,2020-12-29,4435,4435,4145,4355,333407,0.009269988412514474
510,2020-12-30,4430,4845,4430,4600,781423,0.05625717566016064
511,2021-01-04,4550,4550,4225,4280,393152,-0.06956521739130439
512,2021-01-05,4205,4650,4195,4325,614290,0.010514018691588856
513,2021-01-06,4355,5280,4315,4675,445461,0.08092485549132955
514,2021-01-07,4565,5200,4565,4895,821996,0.04705882352941182
515,2021-01-08,4900,5190,4860,4925,286087,0.006128702757916216
516,2021-01-11,5000,5140,4490,4860,231345,-0.013197969543147225
517,2021-01-12,4865,4865,4460,4490,201210,-0.0761316872427984
518,2021-01-13,4625,4625,4155,4215,280862,-0.061247216035634766
519,2021-01-14,4225,4275,3830,3925,344885,-0.06880189798339265
520,2021-01-15,3980,4600,3980,4155,398360,0.05859872611464967
521,2021-01-18,4240,4670,4100,4270,470397,0.02767749699157651
522,2021-01-19,4215,4330,4115,4300,135783,0.007025761124121788
523,2021-01-20,4300,4365,4205,4205,152507,-0.02209302325581397
524,2021-01-21,4210,4500,4165,4370,200272,0.03923900118906065
525,2021-01-22,4385,4470,4300,4305,120034,-0.014874141876430214
526,2021-01-25,4305,4390,4190,4215,132333,-0.020905923344947785
527,2021-01-26,4185,4245,3915,3980,208303,-0.05575326215895615
528,2021-01-27,4050,4150,3855,3925,126429,-0.013819095477386911
529,2021-01-28,3880,4035,3640,3835,120193,-0.02292993630573248
530,2021-01-29,3995,3995,3615,3780,95122,-0.014341590612777066
531,2021-02-01,3780,3780,3580,3585,166567,-0.051587301587301626
532,2021-02-02,3700,4000,3450,3625,336082,0.01115760111576014
533,2021-02-03,3625,3895,3605,3875,101844,0.06896551724137923
534,2021-02-04,3895,3965,3760,3940,77230,0.016774193548387162
535,2021-02-05,3940,4025,3800,3945,116428,0.0012690355329949554
536,2021-02-08,3960,3960,3370,3400,637076,-0.13814955640050697
537,2021-02-09,3170,3175,2650,2660,4536889,-0.21764705882352942
538,2021-02-10,2725,2890,2675,2690,3172195,0.011278195488721776
539,2021-02-15,2620,2640,2435,2480,3525216,-0.0780669144981413
540,2021-02-16,2485,2485,2265,2280,2597966,-0.08064516129032262
541,2021-02-17,2315,2330,2205,2270,1603927,-0.004385964912280715
542,2021-02-18,2270,2350,2215,2215,890072,-0.024229074889867808
543,2021-02-19,2215,2295,2210,2260,592516,0.020316027088036037
544,2021-02-22,2295,2365,2250,2305,869204,0.019911504424778848
545,2021-02-23,2305,2305,2210,2250,510850,-0.02386117136659438
546,2021-02-24,2120,2200,2095,2125,765320,-0.05555555555555558
547,2021-02-25,2130,2185,2095,2150,441663,0.0117647058823529
548,2021-02-26,2125,2125,1925,1985,4349242,-0.07674418604651168
549,2021-03-02,2000,2025,1945,1980,665316,-0.0025188916876573986
550,2021-03-03,1975,2395,1975,2170,11949103,0.09595959595959602
551,2021-03-04,2115,2160,2015,2090,1955657,-0.03686635944700456
552,2021-03-05,2050,2375,2045,2200,6694130,0.05263157894736836
553,2021-03-08,2195,2215,2110,2165,1387977,-0.015909090909090873
554,2021-03-09,2175,2200,2060,2120,962943,-0.020785219399538146
555,2021-03-10,2130,2150,1995,2055,924447,-0.030660377358490587
556,2021-03-11,2055,2070,2015,2065,640204,0.0048661800486617945
557,2021-03-12,2060,2150,2045,2075,901759,0.004842615012106588
558,2021-03-15,2075,2105,2050,2075,506876,0.0
559,2021-03-16,2080,2175,2065,2145,797882,0.033734939759036076
560,2021-03-17,2145,2285,2140,2280,1130723,0.06293706293706292
561,2021-03-18,2285,2315,2205,2260,1211791,-0.00877192982456143
562,2021-03-19,2240,2350,2230,2285,1075091,0.01106194690265494
563,2021-03-22,2285,2330,2200,2240,769794,-0.01969365426695846
564,2021-03-23,2230,2260,2150,2150,512820,-0.0401785714285714
565,2021-03-24,2140,2260,2125,2225,692647,0.03488372093023262
566,2021-03-25,2240,2320,2210,2300,797631,0.03370786516853941
567,2021-03-26,2305,2315,2205,2290,475690,-0.004347826086956497
568,2021-03-29,2295,2295,2240,2260,328281,-0.013100436681222738
569,2021-03-30,2255,2560,2245,2405,4465874,0.06415929203539816
570,2021-03-31,2400,2600,2390,2595,2742783,0.0790020790020789
571,2021-04-01,2640,2970,2390,2410,11743338,-0.07129094412331405
572,2021-04-02,2440,2450,2320,2405,1318804,-0.0020746887966804906
573,2021-04-05,2380,2395,2310,2310,788476,-0.03950103950103945
574,2021-04-06,2315,2325,2275,2320,559546,0.0043290043290042934
575,2021-04-07,2290,2435,2280,2375,681643,0.0237068965517242
576,2021-04-08,2380,2405,2310,2350,555257,-0.010526315789473717
577,2021-04-09,2350,2355,2300,2325,369057,-0.010638297872340385
578,2021-04-12,2325,2340,2270,2270,535262,-0.023655913978494647
579,2021-04-13,2275,2360,2260,2295,536126,0.011013215859030812
580,2021-04-14,2310,2500,2300,2415,1414890,0.05228758169934644
581,2021-04-15,2430,2585,2390,2510,1743606,0.039337474120082705
582,2021-04-16,2530,2780,2520,2625,2852704,0.04581673306772904
583,2021-04-19,2615,2735,2510,2535,990247,-0.03428571428571425
584,2021-04-20,2500,2690,2450,2690,1197699,0.06114398422090739
585,2021-04-21,2650,2875,2620,2770,4175496,0.029739776951672958
586,2021-04-22,2775,2795,2675,2765,877341,-0.0018050541516245744
587,2021-04-23,2755,2775,2665,2690,666744,-0.027124773960216952
588,2021-04-26,2695,2760,2670,2670,602263,-0.0074349442379182396
589,2021-04-27,2670,2675,2530,2580,939365,-0.0337078651685393
590,2021-04-28,2580,2630,2500,2515,521751,-0.025193798449612448
591,2021-04-29,2535,2600,2495,2565,501824,0.01988071570576544
592,2021-04-30,2565,2640,2540,2590,491035,0.00974658869395717
593,2021-05-03,2620,2665,2570,2570,486204,-0.007722007722007707
594,2021-05-04,2575,2630,2505,2545,448846,-0.009727626459143934
595,2021-05-06,2545,2605,2510,2545,201037,0.0
596,2021-05-07,2555,2585,2510,2515,265549,-0.011787819253438081
597,2021-05-10,2515,2555,2495,2500,259552,-0.005964214711729587
598,2021-05-11,2500,2510,2380,2400,707159,-0.040000000000000036
599,2021-05-12,2425,2495,2385,2430,319588,0.012499999999999956
600,2021-05-13,2400,2435,2345,2390,393677,-0.016460905349794275
601,2021-05-14,2395,2450,2390,2435,200165,0.01882845188284521
602,2021-05-17,2435,2445,2390,2420,199948,-0.006160164271047264
603,2021-05-18,2415,2430,2380,2395,214595,-0.010330578512396715
604,2021-05-20,2395,2395,2300,2320,470998,-0.03131524008350728
605,2021-05-21,2340,2420,2310,2325,133487,0.0021551724137931494
606,2021-05-24,2325,2335,2260,2280,180943,-0.01935483870967747
607,2021-05-25,2285,2370,2285,2360,127692,0.03508771929824572
608,2021-05-26,2395,2395,2300,2345,108456,-0.006355932203389814
609,2021-05-27,2350,2365,2290,2340,122012,-0.002132196162046962
610,2021-05-28,2360,2360,2300,2325,73105,-0.0064102564102563875
611,2021-05-31,2360,2420,2330,2420,234148,0.04086021505376336
612,2021-06-01,2430,2480,2370,2460,163677,0.016528925619834656
613,2021-06-02,2460,2460,2395,2425,184452,-0.014227642276422814
614,2021-06-03,2430,2470,2400,2420,170221,-0.0020618556701030855
615,2021-06-04,2400,2450,2385,2420,148210,0.0
616,2021-06-07,2450,2585,2415,2460,766401,0.016528925619834656
617,2021-06-08,2535,2550,2415,2460,237457,0.0
618,2021-06-09,2440,2535,2440,2490,443566,0.012195121951219523
619,2021-06-10,2490,2535,2405,2500,274271,0.004016064257028162
620,2021-06-11,2490,2545,2465,2510,276224,0.0040000000000000036
621,2021-06-14,2510,2550,2475,2515,212059,0.0019920318725099584
622,2021-06-15,2530,2530,2450,2460,176294,-0.021868787276341894
623,2021-06-16,2470,2485,2450,2470,63823,0.004065040650406582
624,2021-06-17,2470,2495,2445,2470,75633,0.0
625,2021-06-18,2455,2475,2450,2470,79236,0.0
626,2021-06-21,2425,2470,2385,2415,224693,-0.022267206477732837
627,2021-06-22,2415,2495,2380,2495,321785,0.0331262939958592
628,2021-06-23,2495,2500,2415,2425,233436,-0.028056112224448926
629,2021-06-24,2425,2455,2370,2395,246900,-0.012371134020618513
630,2021-06-25,2430,2430,2345,2345,355264,-0.02087682672233826
631,2021-06-28,2370,2370,2265,2290,342307,-0.023454157782516027
632,2021-06-29,2300,2360,2270,2325,254272,0.015283842794759916
633,2021-06-30,2310,2360,2305,2355,115436,0.012903225806451646
634,2021-07-01,2345,2400,2345,2400,207156,0.019108280254777066
635,2021-07-02,2400,2430,2355,2375,123660,-0.01041666666666663
636,2021-07-05,2370,2400,2345,2390,162124,0.006315789473684275
637,2021-07-06,2390,2390,2300,2340,225562,-0.02092050209205021
638,2021-07-07,2335,2335,2295,2325,310183,-0.0064102564102563875
639,2021-07-08,2330,2365,2275,2310,335617,-0.006451612903225823
640,2021-07-09,2270,2310,2235,2280,371874,-0.012987012987012991
641,2021-07-12,2280,2330,2275,2290,140476,0.004385964912280604
642,2021-07-13,2305,2305,2265,2280,127911,-0.004366812227074246
643,2021-07-14,2280,2290,2240,2255,305333,-0.010964912280701733
644,2021-07-15,2255,2300,2240,2270,211565,0.006651884700665134
645,2021-07-16,2270,2280,2230,2245,141123,-0.011013215859030812
646,2021-07-19,2245,2245,2195,2225,271512,-0.008908685968819552
647,2021-07-20,2235,2235,2165,2175,284804,-0.022471910112359605
648,2021-07-21,2175,2230,2165,2165,159360,-0.0045977011494252595
649,2021-07-22,2165,2180,2145,2145,155746,-0.009237875288683584
650,2021-07-23,2155,2175,2100,2150,303541,0.002331002331002363
651,2021-07-26,2150,2165,2090,2105,267874,-0.020930232558139528
652,2021-07-27,2105,2140,2085,2110,183241,0.002375296912114022
653,2021-07-28,2135,2135,2080,2110,135828,0.0
654,2021-07-29,2090,2350,2075,2165,1527349,0.026066350710900466
655,2021-07-30,2175,2270,2155,2225,450626,0.02771362586605086
656,2021-08-02,2225,2275,2165,2205,153847,-0.008988764044943864
657,2021-08-03,2210,2220,2160,2190,157838,-0.006802721088435382
658,2021-08-04,2180,2220,2150,2200,167667,0.004566210045662045
659,2021-08-05,2200,2210,2180,2195,129775,-0.002272727272727315
660,2021-08-06,2185,2255,2160,2195,272485,0.0
661,2021-08-09,2200,2220,2145,2160,213418,-0.015945330296127547
662,2021-08-10,2125,2160,2100,2110,210623,-0.02314814814814814
663,2021-08-11,2130,2130,2095,2110,157526,0.0
664,2021-08-12,2110,2125,2080,2125,116412,0.007109004739336511
665,2021-08-13,2105,2135,2045,2125,167517,0.0
666,2021-08-17,2100,2105,1970,2050,342034,-0.03529411764705881
667,2021-08-18,2030,2095,1995,2070,123926,0.009756097560975618
668,2021-08-19,2070,2090,1950,2000,317986,-0.033816425120772986
669,2021-08-20,2030,2030,1905,1905,303445,-0.04749999999999999
670,2021-08-23,1935,2060,1935,2005,139852,0.05249343832021003
671,2021-08-24,2005,2055,2000,2050,127264,0.02244389027431426
672,2021-08-25,2050,2090,2005,2040,80952,-0.004878048780487809
673,2021-08-26,2040,2150,2015,2110,235411,0.03431372549019618
674,2021-08-27,2105,2140,2055,2110,83688,0.0
675,2021-08-30,2140,2150,2075,2120,80599,0.004739336492890933
676,2021-08-31,2120,2155,2095,2145,152720,0.011792452830188704
677,2021-09-01,2145,2155,2115,2145,51199,0.0
678,2021-09-02,2140,2170,2090,2140,98003,-0.002331002331002363
679,2021-09-03,2140,2150,2100,2130,132854,-0.004672897196261627
680,2021-09-06,2130,2130,2060,2110,162827,-0.009389671361502372
681,2021-09-07,2120,2130,2085,2110,92613,0.0
682,2021-09-08,2130,2130,2050,2105,70307,-0.0023696682464454666
683,2021-09-09,2060,2105,2005,2080,165261,-0.01187648456057011
684,2021-09-10,2060,2075,2020,2045,78931,-0.016826923076923128
685,2021-09-13,2050,2065,2010,2010,71854,-0.017114914425427896
686,2021-09-14,1990,2030,1990,2010,127212,0.0
687,2021-09-15,2010,2105,2010,2075,249850,0.03233830845771135
688,2021-09-16,2120,2120,2055,2100,269608,0.012048192771084265
689,2021-09-17,2105,2690,2105,2465,26736918,0.17380952380952386
690,2021-09-23,2565,2970,2445,2805,34208129,0.13793103448275867
691,2021-09-24,2810,2885,2620,2680,6997529,-0.0445632798573975
692,2021-09-27,2685,3070,2550,2755,20310035,0.027985074626865725
693,2021-09-28,2785,3080,2720,2875,14836222,0.04355716878402904
694,2021-09-29,2700,2810,2625,2705,3983484,-0.05913043478260871
695,2021-09-30,2715,2760,2540,2560,3399749,-0.05360443622920519
696,2021-10-01,2595,2700,2570,2690,2327991,0.05078125
697,2021-10-05,2655,2660,2350,2415,2211172,-0.10223048327137552
698,2021-10-06,2415,2450,2095,2155,2432354,-0.10766045548654246
699,2021-10-07,2160,2385,2160,2260,2437457,0.04872389791183296
700,2021-10-08,2270,2530,2270,2395,2489272,0.05973451327433632
701,2021-10-12,2395,2400,2260,2295,643127,-0.04175365344467641
702,2021-10-13,2290,2355,2230,2245,615387,-0.02178649237472763
703,2021-10-14,2280,2565,2245,2465,2529218,0.09799554565701563
704,2021-10-15,2465,2485,2395,2455,634466,-0.0040567951318458695
705,2021-10-18,2440,2605,2410,2485,2050539,0.012219959266802416
706,2021-10-19,2500,2510,2375,2410,570669,-0.030181086519114664
707,2021-10-20,2410,2425,2275,2300,828746,-0.0456431535269709
708,2021-10-21,2305,2320,2235,2255,527986,-0.019565217391304346
709,2021-10-22,2230,2300,2180,2235,621244,-0.008869179600886956
710,2021-10-25,2380,2430,2265,2355,1633713,0.05369127516778516
711,2021-10-26,2340,2345,2275,2310,570097,-0.019108280254777066
712,2021-10-27,2280,2285,2240,2260,562303,-0.02164502164502169
713,2021-10-28,2260,2315,2240,2315,453916,0.02433628318584069
714,2021-10-29,2315,2325,2235,2240,574137,-0.03239740820734338
715,2021-11-01,2235,2240,2170,2200,460613,-0.017857142857142905
716,2021-11-02,2205,2260,2200,2220,237465,0.009090909090909038
717,2021-11-03,2230,2250,2180,2195,309939,-0.011261261261261257
718,2021-11-04,2200,2220,2130,2155,353514,-0.018223234624145768
719,2021-11-05,2155,2160,2065,2100,494731,-0.025522041763341052
720,2021-11-08,2105,2135,2015,2040,527233,-0.02857142857142858
721,2021-11-09,2040,2065,2020,2030,242621,-0.004901960784313708
722,2021-11-10,2030,2150,1990,2030,483488,0.0
723,2021-11-11,2030,2065,2005,2030,305671,0.0
724,2021-11-12,2035,2115,2020,2115,211004,0.041871921182266014
725,2021-11-15,2120,2125,2055,2060,254269,-0.026004728132387744
726,2021-11-16,2080,2080,2020,2045,158088,-0.007281553398058249
727,2021-11-17,2070,2070,2000,2015,330606,-0.014669926650366705
728,2021-11-18,2025,2035,1990,2020,282922,0.002481389578163684
729,2021-11-19,2000,2035,1990,2015,224558,-0.0024752475247524774
730,2021-11-22,2015,2025,2000,2005,172028,-0.00496277915632759
731,2021-11-23,2015,2065,2015,2045,212521,0.01995012468827939
732,2021-11-24,2045,2080,2025,2050,163304,0.0024449877750611915
733,2021-11-25,2070,2070,2010,2015,191322,-0.017073170731707332
734,2021-11-26,2015,2035,1990,2010,210102,-0.002481389578163795
735,2021-11-29,1930,2065,1930,2005,428873,-0.0024875621890547706
736,2021-11-30,2025,2025,1940,1950,327703,-0.027431421446383997
737,2021-12-01,1950,1990,1910,1985,171665,0.017948717948717885
738,2021-12-02,1985,2015,1965,2000,164413,0.007556675062972307
739,2021-12-03,2010,2060,2010,2045,176070,0.022499999999999964
740,2021-12-06,2055,2055,2010,2035,163186,-0.004889975550122272
741,2021-12-07,2050,2125,2035,2125,469617,0.04422604422604426
742,2021-12-08,2140,2150,2085,2100,336625,-0.0117647058823529
743,2021-12-09,2100,2120,2075,2115,185823,0.0071428571428571175
744,2021-12-10,2105,2130,2080,2120,127733,0.0023640661938533203
745,2021-12-13,2135,2135,2060,2080,184115,-0.018867924528301883
746,2021-12-14,2060,2090,2055,2090,164234,0.004807692307692291
747,2021-12-15,2090,2090,2050,2065,141690,-0.011961722488038284
748,2021-12-16,2070,2090,2050,2055,216682,-0.004842615012106588
749,2021-12-17,2080,2285,2045,2110,2513202,0.02676399026763998
750,2021-12-20,2110,2110,2055,2055,354339,-0.026066350710900466
751,2021-12-21,2030,2065,2000,2015,371775,-0.019464720194647178
752,2021-12-22,2025,2060,2010,2010,209594,-0.002481389578163795
753,2021-12-23,2010,2065,2010,2020,211367,0.004975124378109541
754,2021-12-24,2030,2035,2005,2020,157264,0.0
755,2021-12-27,2025,2025,1995,2020,146710,0.0
756,2021-12-28,2040,2040,1985,1995,246725,-0.012376237623762387
757,2021-12-29,2005,2035,2000,2035,167280,0.020050125313283207
758,2021-12-30,2060,2060,2025,2030,105013,-0.002457002457002422
759,2022-01-03,2045,2140,2025,2130,307591,0.049261083743842304
760,2022-01-04,2095,2130,2070,2095,193103,-0.016431924882629123
761,2022-01-05,2095,2140,2025,2065,247783,-0.014319809069212375
762,2022-01-06,2060,2060,2020,2035,154530,-0.014527845036319653
763,2022-01-07,2025,2060,2025,2045,90604,0.004914004914004844
764,2022-01-10,2045,2055,2025,2040,99234,-0.0024449877750610804
765,2022-01-11,2025,2050,2005,2035,118492,-0.002450980392156854
766,2022-01-12,2055,2055,2025,2035,106229,0.0
767,2022-01-13,2045,2080,2015,2055,240870,0.00982800982800991
768,2022-01-14,2055,2140,2035,2100,910216,0.021897810218978186
769,2022-01-17,2100,2140,2025,2030,262519,-0.033333333333333326
770,2022-01-18,2030,2065,2000,2010,190012,-0.009852216748768461
771,2022-01-19,1980,2025,1965,2010,159005,0.0
772,2022-01-20,2000,2050,2000,2030,71425,0.00995024875621886
773,2022-01-21,2035,2060,2005,2020,209319,-0.0049261083743842304
774,2022-01-24,2005,2005,1920,1940,397428,-0.03960396039603964
775,2022-01-25,1940,1950,1825,1865,393091,-0.03865979381443296
776,2022-01-26,1865,1895,1800,1860,259713,-0.002680965147453085
777,2022-01-27,1840,1860,1720,1745,418364,-0.06182795698924726
778,2022-01-28,1750,1840,1740,1840,148448,0.054441260744985565
779,2022-02-03,1890,1925,1875,1905,110257,0.03532608695652173
780,2022-02-04,1900,1915,1840,1915,62616,0.005249343832020914
781,2022-02-07,1915,1920,1895,1915,57655,0.0
782,2022-02-08,1915,1950,1865,1865,92414,-0.026109660574412552
783,2022-02-09,1870,2090,1870,1900,1354860,0.018766756032171594
784,2022-02-10,1915,1940,1880,1905,226849,0.002631578947368318
785,2022-02-11,1905,1905,1860,1870,139695,-0.018372703412073532
786,2022-02-14,1800,1845,1790,1805,158309,-0.03475935828877008
787,2022-02-15,1795,1835,1780,1800,246674,-0.0027700831024930483
788,2022-02-16,1835,1845,1795,1830,171936,0.016666666666666607
789,2022-02-17,1810,1860,1790,1810,157344,-0.010928961748633892
790,2022-02-18,1810,1850,1770,1850,80145,0.022099447513812098
791,2022-02-21,1830,1835,1785,1830,127674,-0.010810810810810811
792,2022-02-22,1805,1810,1775,1795,141476,-0.01912568306010931
793,2022-02-23,1785,1805,1780,1795,56770,0.0
794,2022-02-24,1795,1795,1725,1745,147467,-0.027855153203342642
795,2022-02-25,1745,1780,1715,1770,120017,0.014326647564469885
796,2022-02-28,1785,1820,1750,1790,183934,0.011299435028248483
797,2022-03-02,1790,1790,1750,1775,113374,-0.008379888268156388
798,2022-03-03,1780,1810,1775,1800,60935,0.014084507042253502
799,2022-03-04,1800,1805,1785,1805,38102,0.002777777777777768
800,2022-03-07,1805,1805,1765,1785,62908,-0.011080332409972304
801,2022-03-08,1760,1760,1730,1760,58594,-0.014005602240896309
802,2022-03-10,1755,1800,1755,1790,68059,0.017045454545454586
803,2022-03-11,1810,1810,1770,1790,43272,0.0
804,2022-03-14,1790,1805,1730,1770,116056,-0.011173184357541888
805,2022-03-15,1750,1775,1745,1760,117767,-0.005649717514124242
806,2022-03-16,1790,1790,1720,1770,177378,0.005681818181818121
807,2022-03-17,1800,1800,1760,1800,128016,0.016949152542372836
808,2022-03-18,1815,1815,1785,1805,76793,0.002777777777777768
809,2022-03-21,1805,1830,1800,1820,113695,0.008310249307479145
810,2022-03-22,1830,1830,1800,1825,75205,0.0027472527472527375
811,2022-03-23,1825,1850,1810,1820,128921,-0.002739726027397249
812,2022-03-24,1820,1840,1820,1835,83072,0.008241758241758212
813,2022-03-25,1845,1845,1815,1845,78630,0.005449591280654031
814,2022-03-28,1845,1845,1815,1835,75833,-0.005420054200542035
815,2022-03-29,1835,1850,1825,1840,132803,0.0027247956403269047
816,2022-03-30,1845,1860,1835,1845,83886,0.0027173913043478937
817,2022-03-31,1850,1860,1835,1855,92395,0.005420054200542035
818,2022-04-01,1860,1875,1850,1855,78189,0.0
819,2022-04-04,1865,1905,1855,1890,150041,0.018867924528301883
820,2022-04-05,1905,1905,1875,1900,107236,0.005291005291005346
821,2022-04-06,1880,1900,1875,1895,78506,-0.0026315789473684292
822,2022-04-07,1890,1890,1850,1875,114213,-0.01055408970976257
823,2022-04-08,1855,1890,1855,1885,69115,0.005333333333333412
824,2022-04-11,1885,1895,1855,1880,129867,-0.0026525198938992522
825,2022-04-12,1880,1880,1830,1840,100115,-0.021276595744680882
826,2022-04-13,1840,1860,1830,1845,72819,0.0027173913043478937
827,2022-04-14,1850,1870,1830,1840,52008,-0.0027100271002710175
828,2022-04-15,1840,1840,1795,1805,191777,-0.01902173913043481
829,2022-04-18,1815,1815,1755,1785,157979,-0.011080332409972304
830,2022-04-19,1770,1835,1770,1830,94872,0.025210084033613356
831,2022-04-20,1830,1840,1795,1810,84890,-0.010928961748633892
832,2022-04-21,1810,1830,1790,1795,106603,-0.008287292817679592
833,2022-04-22,1795,1830,1775,1810,143934,0.008356545961002881
834,2022-04-25,1780,1795,1755,1770,145323,-0.02209944751381221
835,2022-04-26,1760,1790,1755,1785,162623,0.008474576271186418
836,2022-04-27,1775,1775,1730,1735,272432,-0.02801120448179273
837,2022-04-28,1745,1755,1705,1730,188781,-0.0028818443804035088
838,2022-04-29,1735,1780,1730,1755,223085,0.014450867052023142
839,2022-05-02,1755,1800,1745,1780,153828,0.014245014245014342
840,2022-05-03,1775,1820,1760,1805,160574,0.014044943820224809
841,2022-05-04,1805,1915,1800,1890,710131,0.047091412742382266
842,2022-05-06,1870,1925,1845,1915,308061,0.013227513227513255
843,2022-05-09,1925,1925,1880,1900,187472,-0.007832898172323799
844,2022-05-10,1840,1900,1830,1900,166070,0.0
845,2022-05-11,1880,1965,1880,1950,330125,0.026315789473684292
846,2022-05-12,1955,1970,1870,1885,313129,-0.033333333333333326
847,2022-05-13,1885,1930,1880,1890,92531,0.0026525198938991412
848,2022-05-16,1875,1955,1875,1950,211354,0.031746031746031855
